-- ----------------------------
-- Records of users
-- ----------------------------
INSERT INTO "public"."users" ("id", "active", "address", "email", "name", "password", "phone", "role", "mobile_phone", "extension", "doc_type", "doc_number", "create_time", "update_time" ) VALUES (2147483642, 't', 'Calle 25 # 12 - 72', 'admin1@email.com', 'ADMIN I', '$2a$10$vLYIz4vPE9c0IQ.YFS/fzuUWginxDMFpCSOtAtkL2B936VPRDcCzm', '987654321', 'ROLE_MANAGER', '3854444', '2400', '2', 103543534543, '2018-03-09 23:03:26', '2018-03-10 00:15:27');
INSERT INTO "public"."users" ("id", "active", "address", "email", "name", "password", "phone", "role", "mobile_phone", "extension", "doc_type", "doc_number", "create_time", "update_time" ) VALUES (2147483643, 't', 'Calle 25 # 12 - 72', 'cliente1@email.com', 'CLIENTE I', '$2a$10$vLYIz4vPE9c0IQ.YFS/fzuUWginxDMFpCSOtAtkL2B936VPRDcCzm', '123123122', 'ROLE_CLIENT', '3854444', '2400', '3', 80324543, '2018-03-09 23:03:26', '2018-03-10 00:15:27');
INSERT INTO "public"."users" ("id", "active", "address", "email", "name", "password", "phone", "role", "mobile_phone", "extension", "doc_type", "doc_number", "create_time", "update_time" ) VALUES (2147483645, 't', 'Calle 25 # 12 - 72', 'cliente2@email.com', 'CLIENTE II', '$2a$10$vLYIz4vPE9c0IQ.YFS/fzuUWginxDMFpCSOtAtkL2B936VPRDcCzm', '2343456', 'ROLE_CLIENT', '3854444', '2400', '0', 80435353, '2018-03-09 23:03:26', '2018-03-10 00:15:27');

-- ----------------------------
-- Records of department
-- ----------------------------
INSERT INTO "public"."department" ("department_id", "department_name", "enabled") VALUES (5, 'ANTIOQUIA', 't');
INSERT INTO "public"."department" ("department_id", "department_name", "enabled") VALUES (8, 'ATLANTICO', 't');
INSERT INTO "public"."department" ("department_id", "department_name", "enabled") VALUES (11, 'BOGOTÁ, D.C.', 't');
INSERT INTO "public"."department" ("department_id", "department_name", "enabled") VALUES (13, 'BOLÍVAR', 't');
INSERT INTO "public"."department" ("department_id", "department_name", "enabled") VALUES (15, 'BOYACÁ', 't');
INSERT INTO "public"."department" ("department_id", "department_name", "enabled") VALUES (17, 'CALDAS', 'f');
INSERT INTO "public"."department" ("department_id", "department_name", "enabled") VALUES (18, 'CAQUETÁ', 'f');
INSERT INTO "public"."department" ("department_id", "department_name", "enabled") VALUES (19, 'CAUCA', 'f');
INSERT INTO "public"."department" ("department_id", "department_name", "enabled") VALUES (20, 'CESAR', 'f');
INSERT INTO "public"."department" ("department_id", "department_name", "enabled") VALUES (23, 'CÓRDOBA', 'f');
INSERT INTO "public"."department" ("department_id", "department_name", "enabled") VALUES (25, 'CUNDINAMARCA', 'f');
INSERT INTO "public"."department" ("department_id", "department_name", "enabled") VALUES (27, 'CHOCÓ', 'f');
INSERT INTO "public"."department" ("department_id", "department_name", "enabled") VALUES (41, 'HUILA', 'f');
INSERT INTO "public"."department" ("department_id", "department_name", "enabled") VALUES (44, 'LA GUAJIRA', 'f');
INSERT INTO "public"."department" ("department_id", "department_name", "enabled") VALUES (47, 'MAGDALENA', 'f');
INSERT INTO "public"."department" ("department_id", "department_name", "enabled") VALUES (50, 'META', 'f');
INSERT INTO "public"."department" ("department_id", "department_name", "enabled") VALUES (52, 'NARIÑO', 'f');
INSERT INTO "public"."department" ("department_id", "department_name", "enabled") VALUES (54, 'NORTE DE SANTANDER', 'f');
INSERT INTO "public"."department" ("department_id", "department_name", "enabled") VALUES (63, 'QUINDIO', 'f');
INSERT INTO "public"."department" ("department_id", "department_name", "enabled") VALUES (66, 'RISARALDA', 'f');
INSERT INTO "public"."department" ("department_id", "department_name", "enabled") VALUES (68, 'SANTANDER', 'f');
INSERT INTO "public"."department" ("department_id", "department_name", "enabled") VALUES (70, 'SUCRE', 'f');
INSERT INTO "public"."department" ("department_id", "department_name", "enabled") VALUES (73, 'TOLIMA', 'f');
INSERT INTO "public"."department" ("department_id", "department_name", "enabled") VALUES (76, 'VALLE DEL CAUCA', 'f');
INSERT INTO "public"."department" ("department_id", "department_name", "enabled") VALUES (81, 'ARAUCA', 'f');
INSERT INTO "public"."department" ("department_id", "department_name", "enabled") VALUES (85, 'CASANARE', 'f');
INSERT INTO "public"."department" ("department_id", "department_name", "enabled") VALUES (86, 'PUTUMAYO', 'f');
INSERT INTO "public"."department" ("department_id", "department_name", "enabled") VALUES (88, 'ARCHIPIÉLAGO DE SAN ANDRÉS, PROVIDENCIA Y SANTA CATALINA', 'f');
INSERT INTO "public"."department" ("department_id", "department_name", "enabled") VALUES (91, 'AMAZONAS', 'f');
INSERT INTO "public"."department" ("department_id", "department_name", "enabled") VALUES (94, 'GUAINÍA', 'f');
INSERT INTO "public"."department" ("department_id", "department_name", "enabled") VALUES (95, 'GUAVIARE', 'f');
INSERT INTO "public"."department" ("department_id", "department_name", "enabled") VALUES (97, 'VAUPÉS', 'f');
INSERT INTO "public"."department" ("department_id", "department_name", "enabled") VALUES (99, 'VICHADA', 'f');

-- ----------------------------
-- Records of city
-- ----------------------------

INSERT INTO "public"."city" ("city_id", "city_name", "enabled", "department_id") VALUES (1,'Abriaquí','t',5);
INSERT INTO "public"."city" ("city_id", "city_name", "enabled", "department_id") VALUES (2,'Acacías','t',50);
INSERT INTO "public"."city" ("city_id", "city_name", "enabled", "department_id") VALUES (3,'Acandí','t',27);
INSERT INTO "public"."city" ("city_id", "city_name", "enabled", "department_id") VALUES (4,'Acevedo','t',41);
INSERT INTO "public"."city" ("city_id", "city_name", "enabled", "department_id") VALUES (5,'Achí','t',13);
INSERT INTO "public"."city" ("city_id", "city_name", "enabled", "department_id") VALUES (6,'Agrado','t',41);
INSERT INTO "public"."city" ("city_id", "city_name", "enabled", "department_id") VALUES (7,'Agua de Dios','t',25);
INSERT INTO "public"."city" ("city_id", "city_name", "enabled", "department_id") VALUES (8,'Aguachica','t',20);
INSERT INTO "public"."city" ("city_id", "city_name", "enabled", "department_id") VALUES (9,'Aguada','t',68);
INSERT INTO "public"."city" ("city_id", "city_name", "enabled", "department_id") VALUES (10,'Aguadas','t',17);
INSERT INTO "public"."city" ("city_id", "city_name", "enabled", "department_id") VALUES (11,'Aguazul','t',85);
INSERT INTO "public"."city" ("city_id", "city_name", "enabled", "department_id") VALUES (12,'Agustín Codazzi','t',20);
INSERT INTO "public"."city" ("city_id", "city_name", "enabled", "department_id") VALUES (13,'Aipe','t',41);
INSERT INTO "public"."city" ("city_id", "city_name", "enabled", "department_id") VALUES (14,'Albania','t',18);
INSERT INTO "public"."city" ("city_id", "city_name", "enabled", "department_id") VALUES (15,'Albania','t',44);
INSERT INTO "public"."city" ("city_id", "city_name", "enabled", "department_id") VALUES (16,'Albania','t',68);
INSERT INTO "public"."city" ("city_id", "city_name", "enabled", "department_id") VALUES (17,'Albán','t',25);
INSERT INTO "public"."city" ("city_id", "city_name", "enabled", "department_id") VALUES (18,'Albán (San José)','t',52);
INSERT INTO "public"."city" ("city_id", "city_name", "enabled", "department_id") VALUES (19,'Alcalá','t',76);
INSERT INTO "public"."city" ("city_id", "city_name", "enabled", "department_id") VALUES (20,'Alejandria','t',5);
INSERT INTO "public"."city" ("city_id", "city_name", "enabled", "department_id") VALUES (21,'Algarrobo','t',47);
INSERT INTO "public"."city" ("city_id", "city_name", "enabled", "department_id") VALUES (22,'Algeciras','t',41);
INSERT INTO "public"."city" ("city_id", "city_name", "enabled", "department_id") VALUES (23,'Almaguer','t',19);
INSERT INTO "public"."city" ("city_id", "city_name", "enabled", "department_id") VALUES (24,'Almeida','t',15);
INSERT INTO "public"."city" ("city_id", "city_name", "enabled", "department_id") VALUES (25,'Alpujarra','t',73);
INSERT INTO "public"."city" ("city_id", "city_name", "enabled", "department_id") VALUES (26,'Altamira','t',41);
INSERT INTO "public"."city" ("city_id", "city_name", "enabled", "department_id") VALUES (27,'Alto Baudó (Pie de Pato)','t',27);
INSERT INTO "public"."city" ("city_id", "city_name", "enabled", "department_id") VALUES (28,'Altos del Rosario','t',13);
INSERT INTO "public"."city" ("city_id", "city_name", "enabled", "department_id") VALUES (29,'Alvarado','t',73);
INSERT INTO "public"."city" ("city_id", "city_name", "enabled", "department_id") VALUES (30,'Amagá','t',5);
INSERT INTO "public"."city" ("city_id", "city_name", "enabled", "department_id") VALUES (31,'Amalfi','t',5);
INSERT INTO "public"."city" ("city_id", "city_name", "enabled", "department_id") VALUES (32,'Ambalema','t',73);
INSERT INTO "public"."city" ("city_id", "city_name", "enabled", "department_id") VALUES (33,'Anapoima','t',25);
INSERT INTO "public"."city" ("city_id", "city_name", "enabled", "department_id") VALUES (34,'Ancuya','t',52);
INSERT INTO "public"."city" ("city_id", "city_name", "enabled", "department_id") VALUES (35,'Andalucía','t',76);
INSERT INTO "public"."city" ("city_id", "city_name", "enabled", "department_id") VALUES (36,'Andes','t',5);
INSERT INTO "public"."city" ("city_id", "city_name", "enabled", "department_id") VALUES (37,'Angelópolis','t',5);
INSERT INTO "public"."city" ("city_id", "city_name", "enabled", "department_id") VALUES (38,'Angostura','t',5);
INSERT INTO "public"."city" ("city_id", "city_name", "enabled", "department_id") VALUES (39,'Anolaima','t',25);
INSERT INTO "public"."city" ("city_id", "city_name", "enabled", "department_id") VALUES (40,'Anorí','t',5);
INSERT INTO "public"."city" ("city_id", "city_name", "enabled", "department_id") VALUES (41,'Anserma','t',17);
INSERT INTO "public"."city" ("city_id", "city_name", "enabled", "department_id") VALUES (42,'Ansermanuevo','t',76);
INSERT INTO "public"."city" ("city_id", "city_name", "enabled", "department_id") VALUES (43,'Anzoátegui','t',73);
INSERT INTO "public"."city" ("city_id", "city_name", "enabled", "department_id") VALUES (44,'Anzá','t',5);
INSERT INTO "public"."city" ("city_id", "city_name", "enabled", "department_id") VALUES (45,'Apartadó','t',5);
INSERT INTO "public"."city" ("city_id", "city_name", "enabled", "department_id") VALUES (46,'Apulo','t',25);
INSERT INTO "public"."city" ("city_id", "city_name", "enabled", "department_id") VALUES (47,'Apía','t',66);
INSERT INTO "public"."city" ("city_id", "city_name", "enabled", "department_id") VALUES (48,'Aquitania','t',15);
INSERT INTO "public"."city" ("city_id", "city_name", "enabled", "department_id") VALUES (49,'Aracataca','t',47);
INSERT INTO "public"."city" ("city_id", "city_name", "enabled", "department_id") VALUES (50,'Aranzazu','t',17);
INSERT INTO "public"."city" ("city_id", "city_name", "enabled", "department_id") VALUES (51,'Aratoca','t',68);
INSERT INTO "public"."city" ("city_id", "city_name", "enabled", "department_id") VALUES (52,'Arauca','t',81);
INSERT INTO "public"."city" ("city_id", "city_name", "enabled", "department_id") VALUES (53,'Arauquita','t',81);
INSERT INTO "public"."city" ("city_id", "city_name", "enabled", "department_id") VALUES (54,'Arbeláez','t',25);
INSERT INTO "public"."city" ("city_id", "city_name", "enabled", "department_id") VALUES (55,'Arboleda (Berruecos)','t',52);
INSERT INTO "public"."city" ("city_id", "city_name", "enabled", "department_id") VALUES (56,'Arboledas','t',54);
INSERT INTO "public"."city" ("city_id", "city_name", "enabled", "department_id") VALUES (57,'Arboletes','t',5);
INSERT INTO "public"."city" ("city_id", "city_name", "enabled", "department_id") VALUES (58,'Arcabuco','t',15);
INSERT INTO "public"."city" ("city_id", "city_name", "enabled", "department_id") VALUES (59,'Arenal','t',13);
INSERT INTO "public"."city" ("city_id", "city_name", "enabled", "department_id") VALUES (60,'Argelia','t',5);
INSERT INTO "public"."city" ("city_id", "city_name", "enabled", "department_id") VALUES (61,'Argelia','t',19);
INSERT INTO "public"."city" ("city_id", "city_name", "enabled", "department_id") VALUES (62,'Argelia','t',76);
INSERT INTO "public"."city" ("city_id", "city_name", "enabled", "department_id") VALUES (63,'Ariguaní (El Difícil)','t',47);
INSERT INTO "public"."city" ("city_id", "city_name", "enabled", "department_id") VALUES (64,'Arjona','t',13);
INSERT INTO "public"."city" ("city_id", "city_name", "enabled", "department_id") VALUES (65,'Armenia','t',5);
INSERT INTO "public"."city" ("city_id", "city_name", "enabled", "department_id") VALUES (66,'Armenia','t',63);
INSERT INTO "public"."city" ("city_id", "city_name", "enabled", "department_id") VALUES (67,'Armero (Guayabal)','t',73);
INSERT INTO "public"."city" ("city_id", "city_name", "enabled", "department_id") VALUES (68,'Arroyohondo','t',13);
INSERT INTO "public"."city" ("city_id", "city_name", "enabled", "department_id") VALUES (69,'Astrea','t',20);
INSERT INTO "public"."city" ("city_id", "city_name", "enabled", "department_id") VALUES (70,'Ataco','t',73);
INSERT INTO "public"."city" ("city_id", "city_name", "enabled", "department_id") VALUES (71,'Atrato (Yuto)','t',27);
INSERT INTO "public"."city" ("city_id", "city_name", "enabled", "department_id") VALUES (72,'Ayapel','t',23);
INSERT INTO "public"."city" ("city_id", "city_name", "enabled", "department_id") VALUES (73,'Bagadó','t',27);
INSERT INTO "public"."city" ("city_id", "city_name", "enabled", "department_id") VALUES (74,'Bahía Solano (Mútis)','t',27);
INSERT INTO "public"."city" ("city_id", "city_name", "enabled", "department_id") VALUES (75,'Bajo Baudó (Pizarro)','t',27);
INSERT INTO "public"."city" ("city_id", "city_name", "enabled", "department_id") VALUES (76,'Balboa','t',19);
INSERT INTO "public"."city" ("city_id", "city_name", "enabled", "department_id") VALUES (77,'Balboa','t',66);
INSERT INTO "public"."city" ("city_id", "city_name", "enabled", "department_id") VALUES (78,'Baranoa','t',8);
INSERT INTO "public"."city" ("city_id", "city_name", "enabled", "department_id") VALUES (79,'Baraya','t',41);
INSERT INTO "public"."city" ("city_id", "city_name", "enabled", "department_id") VALUES (80,'Barbacoas','t',52);
INSERT INTO "public"."city" ("city_id", "city_name", "enabled", "department_id") VALUES (81,'Barbosa','t',5);
INSERT INTO "public"."city" ("city_id", "city_name", "enabled", "department_id") VALUES (82,'Barbosa','t',68);
INSERT INTO "public"."city" ("city_id", "city_name", "enabled", "department_id") VALUES (83,'Barichara','t',68);
INSERT INTO "public"."city" ("city_id", "city_name", "enabled", "department_id") VALUES (84,'Barranca de Upía','t',50);
INSERT INTO "public"."city" ("city_id", "city_name", "enabled", "department_id") VALUES (85,'Barrancabermeja','t',68);
INSERT INTO "public"."city" ("city_id", "city_name", "enabled", "department_id") VALUES (86,'Barrancas','t',44);
INSERT INTO "public"."city" ("city_id", "city_name", "enabled", "department_id") VALUES (87,'Barranco de Loba','t',13);
INSERT INTO "public"."city" ("city_id", "city_name", "enabled", "department_id") VALUES (88,'Barranquilla','t',8);
INSERT INTO "public"."city" ("city_id", "city_name", "enabled", "department_id") VALUES (89,'Becerríl','t',20);
INSERT INTO "public"."city" ("city_id", "city_name", "enabled", "department_id") VALUES (90,'Belalcázar','t',17);
INSERT INTO "public"."city" ("city_id", "city_name", "enabled", "department_id") VALUES (91,'Bello','t',5);
INSERT INTO "public"."city" ("city_id", "city_name", "enabled", "department_id") VALUES (92,'Belmira','t',5);
INSERT INTO "public"."city" ("city_id", "city_name", "enabled", "department_id") VALUES (93,'Beltrán','t',25);
INSERT INTO "public"."city" ("city_id", "city_name", "enabled", "department_id") VALUES (94,'Belén','t',15);
INSERT INTO "public"."city" ("city_id", "city_name", "enabled", "department_id") VALUES (95,'Belén','t',52);
INSERT INTO "public"."city" ("city_id", "city_name", "enabled", "department_id") VALUES (96,'Belén de Bajirá','t',27);
INSERT INTO "public"."city" ("city_id", "city_name", "enabled", "department_id") VALUES (97,'Belén de Umbría','t',66);
INSERT INTO "public"."city" ("city_id", "city_name", "enabled", "department_id") VALUES (98,'Belén de los Andaquíes','t',18);
INSERT INTO "public"."city" ("city_id", "city_name", "enabled", "department_id") VALUES (99,'Berbeo','t',15);
INSERT INTO "public"."city" ("city_id", "city_name", "enabled", "department_id") VALUES (100,'Betania','t',5);
INSERT INTO "public"."city" ("city_id", "city_name", "enabled", "department_id") VALUES (101,'Beteitiva','t',15);
INSERT INTO "public"."city" ("city_id", "city_name", "enabled", "department_id") VALUES (102,'Betulia','t',5);
INSERT INTO "public"."city" ("city_id", "city_name", "enabled", "department_id") VALUES (103,'Betulia','t',68);
INSERT INTO "public"."city" ("city_id", "city_name", "enabled", "department_id") VALUES (104,'Bituima','t',25);
INSERT INTO "public"."city" ("city_id", "city_name", "enabled", "department_id") VALUES (105,'Boavita','t',15);
INSERT INTO "public"."city" ("city_id", "city_name", "enabled", "department_id") VALUES (106,'Bochalema','t',54);
INSERT INTO "public"."city" ("city_id", "city_name", "enabled", "department_id") VALUES (107,'Bogotá D.C.','t',11);
INSERT INTO "public"."city" ("city_id", "city_name", "enabled", "department_id") VALUES (108,'Bojacá','t',25);
INSERT INTO "public"."city" ("city_id", "city_name", "enabled", "department_id") VALUES (109,'Bojayá (Bellavista)','t',27);
INSERT INTO "public"."city" ("city_id", "city_name", "enabled", "department_id") VALUES (110,'Bolívar','t',5);
INSERT INTO "public"."city" ("city_id", "city_name", "enabled", "department_id") VALUES (111,'Bolívar','t',19);
INSERT INTO "public"."city" ("city_id", "city_name", "enabled", "department_id") VALUES (112,'Bolívar','t',68);
INSERT INTO "public"."city" ("city_id", "city_name", "enabled", "department_id") VALUES (113,'Bolívar','t',76);
INSERT INTO "public"."city" ("city_id", "city_name", "enabled", "department_id") VALUES (114,'Bosconia','t',20);
INSERT INTO "public"."city" ("city_id", "city_name", "enabled", "department_id") VALUES (115,'Boyacá','t',15);
INSERT INTO "public"."city" ("city_id", "city_name", "enabled", "department_id") VALUES (116,'Briceño','t',5);
INSERT INTO "public"."city" ("city_id", "city_name", "enabled", "department_id") VALUES (117,'Briceño','t',15);
INSERT INTO "public"."city" ("city_id", "city_name", "enabled", "department_id") VALUES (118,'Bucaramanga','t',68);
INSERT INTO "public"."city" ("city_id", "city_name", "enabled", "department_id") VALUES (119,'Bucarasica','t',54);
INSERT INTO "public"."city" ("city_id", "city_name", "enabled", "department_id") VALUES (120,'Buenaventura','t',76);
INSERT INTO "public"."city" ("city_id", "city_name", "enabled", "department_id") VALUES (121,'Buenavista','t',15);
INSERT INTO "public"."city" ("city_id", "city_name", "enabled", "department_id") VALUES (122,'Buenavista','t',23);
INSERT INTO "public"."city" ("city_id", "city_name", "enabled", "department_id") VALUES (123,'Buenavista','t',63);
INSERT INTO "public"."city" ("city_id", "city_name", "enabled", "department_id") VALUES (124,'Buenavista','t',70);
INSERT INTO "public"."city" ("city_id", "city_name", "enabled", "department_id") VALUES (125,'Buenos Aires','t',19);
INSERT INTO "public"."city" ("city_id", "city_name", "enabled", "department_id") VALUES (126,'Buesaco','t',52);
INSERT INTO "public"."city" ("city_id", "city_name", "enabled", "department_id") VALUES (127,'Buga','t',76);
INSERT INTO "public"."city" ("city_id", "city_name", "enabled", "department_id") VALUES (128,'Bugalagrande','t',76);
INSERT INTO "public"."city" ("city_id", "city_name", "enabled", "department_id") VALUES (129,'Burítica','t',5);
INSERT INTO "public"."city" ("city_id", "city_name", "enabled", "department_id") VALUES (130,'Busbanza','t',15);
INSERT INTO "public"."city" ("city_id", "city_name", "enabled", "department_id") VALUES (131,'Cabrera','t',25);
INSERT INTO "public"."city" ("city_id", "city_name", "enabled", "department_id") VALUES (132,'Cabrera','t',68);
INSERT INTO "public"."city" ("city_id", "city_name", "enabled", "department_id") VALUES (133,'Cabuyaro','t',50);
INSERT INTO "public"."city" ("city_id", "city_name", "enabled", "department_id") VALUES (134,'Cachipay','t',25);
INSERT INTO "public"."city" ("city_id", "city_name", "enabled", "department_id") VALUES (135,'Caicedo','t',5);
INSERT INTO "public"."city" ("city_id", "city_name", "enabled", "department_id") VALUES (136,'Caicedonia','t',76);
INSERT INTO "public"."city" ("city_id", "city_name", "enabled", "department_id") VALUES (137,'Caimito','t',70);
INSERT INTO "public"."city" ("city_id", "city_name", "enabled", "department_id") VALUES (138,'Cajamarca','t',73);
INSERT INTO "public"."city" ("city_id", "city_name", "enabled", "department_id") VALUES (139,'Cajibío','t',19);
INSERT INTO "public"."city" ("city_id", "city_name", "enabled", "department_id") VALUES (140,'Cajicá','t',25);
INSERT INTO "public"."city" ("city_id", "city_name", "enabled", "department_id") VALUES (141,'Calamar','t',13);
INSERT INTO "public"."city" ("city_id", "city_name", "enabled", "department_id") VALUES (142,'Calamar','t',95);
INSERT INTO "public"."city" ("city_id", "city_name", "enabled", "department_id") VALUES (143,'Calarcá','t',63);
INSERT INTO "public"."city" ("city_id", "city_name", "enabled", "department_id") VALUES (144,'Caldas','t',5);
INSERT INTO "public"."city" ("city_id", "city_name", "enabled", "department_id") VALUES (145,'Caldas','t',15);
INSERT INTO "public"."city" ("city_id", "city_name", "enabled", "department_id") VALUES (146,'Caldono','t',19);
INSERT INTO "public"."city" ("city_id", "city_name", "enabled", "department_id") VALUES (147,'California','t',68);
INSERT INTO "public"."city" ("city_id", "city_name", "enabled", "department_id") VALUES (148,'Calima (Darién)','t',76);
INSERT INTO "public"."city" ("city_id", "city_name", "enabled", "department_id") VALUES (149,'Caloto','t',19);
INSERT INTO "public"."city" ("city_id", "city_name", "enabled", "department_id") VALUES (150,'Calí','t',76);
INSERT INTO "public"."city" ("city_id", "city_name", "enabled", "department_id") VALUES (151,'Campamento','t',5);
INSERT INTO "public"."city" ("city_id", "city_name", "enabled", "department_id") VALUES (152,'Campo de la Cruz','t',8);
INSERT INTO "public"."city" ("city_id", "city_name", "enabled", "department_id") VALUES (153,'Campoalegre','t',41);
INSERT INTO "public"."city" ("city_id", "city_name", "enabled", "department_id") VALUES (154,'Campohermoso','t',15);
INSERT INTO "public"."city" ("city_id", "city_name", "enabled", "department_id") VALUES (155,'Canalete','t',23);
INSERT INTO "public"."city" ("city_id", "city_name", "enabled", "department_id") VALUES (156,'Candelaria','t',8);
INSERT INTO "public"."city" ("city_id", "city_name", "enabled", "department_id") VALUES (157,'Candelaria','t',76);
INSERT INTO "public"."city" ("city_id", "city_name", "enabled", "department_id") VALUES (158,'Cantagallo','t',13);
INSERT INTO "public"."city" ("city_id", "city_name", "enabled", "department_id") VALUES (159,'Cantón de San Pablo','t',27);
INSERT INTO "public"."city" ("city_id", "city_name", "enabled", "department_id") VALUES (160,'Caparrapí','t',25);
INSERT INTO "public"."city" ("city_id", "city_name", "enabled", "department_id") VALUES (161,'Capitanejo','t',68);
INSERT INTO "public"."city" ("city_id", "city_name", "enabled", "department_id") VALUES (162,'Caracolí','t',5);
INSERT INTO "public"."city" ("city_id", "city_name", "enabled", "department_id") VALUES (163,'Caramanta','t',5);
INSERT INTO "public"."city" ("city_id", "city_name", "enabled", "department_id") VALUES (164,'Carcasí','t',68);
INSERT INTO "public"."city" ("city_id", "city_name", "enabled", "department_id") VALUES (165,'Carepa','t',5);
INSERT INTO "public"."city" ("city_id", "city_name", "enabled", "department_id") VALUES (166,'Carmen de Apicalá','t',73);
INSERT INTO "public"."city" ("city_id", "city_name", "enabled", "department_id") VALUES (167,'Carmen de Carupa','t',25);
INSERT INTO "public"."city" ("city_id", "city_name", "enabled", "department_id") VALUES (168,'Carmen de Viboral','t',5);
INSERT INTO "public"."city" ("city_id", "city_name", "enabled", "department_id") VALUES (169,'Carmen del Darién (CURBARADÓ)','t',27);
INSERT INTO "public"."city" ("city_id", "city_name", "enabled", "department_id") VALUES (170,'Carolina','t',5);
INSERT INTO "public"."city" ("city_id", "city_name", "enabled", "department_id") VALUES (171,'Cartagena','t',13);
INSERT INTO "public"."city" ("city_id", "city_name", "enabled", "department_id") VALUES (172,'Cartagena del Chairá','t',18);
INSERT INTO "public"."city" ("city_id", "city_name", "enabled", "department_id") VALUES (173,'Cartago','t',76);
INSERT INTO "public"."city" ("city_id", "city_name", "enabled", "department_id") VALUES (174,'Carurú','t',97);
INSERT INTO "public"."city" ("city_id", "city_name", "enabled", "department_id") VALUES (175,'Casabianca','t',73);
INSERT INTO "public"."city" ("city_id", "city_name", "enabled", "department_id") VALUES (176,'Castilla la Nueva','t',50);
INSERT INTO "public"."city" ("city_id", "city_name", "enabled", "department_id") VALUES (177,'Caucasia','t',5);
INSERT INTO "public"."city" ("city_id", "city_name", "enabled", "department_id") VALUES (178,'Cañasgordas','t',5);
INSERT INTO "public"."city" ("city_id", "city_name", "enabled", "department_id") VALUES (179,'Cepita','t',68);
INSERT INTO "public"."city" ("city_id", "city_name", "enabled", "department_id") VALUES (180,'Cereté','t',23);
INSERT INTO "public"."city" ("city_id", "city_name", "enabled", "department_id") VALUES (181,'Cerinza','t',15);
INSERT INTO "public"."city" ("city_id", "city_name", "enabled", "department_id") VALUES (182,'Cerrito','t',68);
INSERT INTO "public"."city" ("city_id", "city_name", "enabled", "department_id") VALUES (183,'Cerro San Antonio','t',47);
INSERT INTO "public"."city" ("city_id", "city_name", "enabled", "department_id") VALUES (184,'Chachaguí','t',52);
INSERT INTO "public"."city" ("city_id", "city_name", "enabled", "department_id") VALUES (185,'Chaguaní','t',25);
INSERT INTO "public"."city" ("city_id", "city_name", "enabled", "department_id") VALUES (186,'Chalán','t',70);
INSERT INTO "public"."city" ("city_id", "city_name", "enabled", "department_id") VALUES (187,'Chaparral','t',73);
INSERT INTO "public"."city" ("city_id", "city_name", "enabled", "department_id") VALUES (188,'Charalá','t',68);
INSERT INTO "public"."city" ("city_id", "city_name", "enabled", "department_id") VALUES (189,'Charta','t',68);
INSERT INTO "public"."city" ("city_id", "city_name", "enabled", "department_id") VALUES (190,'Chigorodó','t',5);
INSERT INTO "public"."city" ("city_id", "city_name", "enabled", "department_id") VALUES (191,'Chima','t',68);
INSERT INTO "public"."city" ("city_id", "city_name", "enabled", "department_id") VALUES (192,'Chimichagua','t',20);
INSERT INTO "public"."city" ("city_id", "city_name", "enabled", "department_id") VALUES (193,'Chimá','t',23);
INSERT INTO "public"."city" ("city_id", "city_name", "enabled", "department_id") VALUES (194,'Chinavita','t',15);
INSERT INTO "public"."city" ("city_id", "city_name", "enabled", "department_id") VALUES (195,'Chinchiná','t',17);
INSERT INTO "public"."city" ("city_id", "city_name", "enabled", "department_id") VALUES (196,'Chinácota','t',54);
INSERT INTO "public"."city" ("city_id", "city_name", "enabled", "department_id") VALUES (197,'Chinú','t',23);
INSERT INTO "public"."city" ("city_id", "city_name", "enabled", "department_id") VALUES (198,'Chipaque','t',25);
INSERT INTO "public"."city" ("city_id", "city_name", "enabled", "department_id") VALUES (199,'Chipatá','t',68);
INSERT INTO "public"."city" ("city_id", "city_name", "enabled", "department_id") VALUES (200,'Chiquinquirá','t',15);
INSERT INTO "public"."city" ("city_id", "city_name", "enabled", "department_id") VALUES (201,'Chiriguaná','t',20);
INSERT INTO "public"."city" ("city_id", "city_name", "enabled", "department_id") VALUES (202,'Chiscas','t',15);
INSERT INTO "public"."city" ("city_id", "city_name", "enabled", "department_id") VALUES (203,'Chita','t',15);
INSERT INTO "public"."city" ("city_id", "city_name", "enabled", "department_id") VALUES (204,'Chitagá','t',54);
INSERT INTO "public"."city" ("city_id", "city_name", "enabled", "department_id") VALUES (205,'Chitaraque','t',15);
INSERT INTO "public"."city" ("city_id", "city_name", "enabled", "department_id") VALUES (206,'Chivatá','t',15);
INSERT INTO "public"."city" ("city_id", "city_name", "enabled", "department_id") VALUES (207,'Chivolo','t',47);
INSERT INTO "public"."city" ("city_id", "city_name", "enabled", "department_id") VALUES (208,'Choachí','t',25);
INSERT INTO "public"."city" ("city_id", "city_name", "enabled", "department_id") VALUES (209,'Chocontá','t',25);
INSERT INTO "public"."city" ("city_id", "city_name", "enabled", "department_id") VALUES (210,'Chámeza','t',85);
INSERT INTO "public"."city" ("city_id", "city_name", "enabled", "department_id") VALUES (211,'Chía','t',25);
INSERT INTO "public"."city" ("city_id", "city_name", "enabled", "department_id") VALUES (212,'Chíquiza','t',15);
INSERT INTO "public"."city" ("city_id", "city_name", "enabled", "department_id") VALUES (213,'Chívor','t',15);
INSERT INTO "public"."city" ("city_id", "city_name", "enabled", "department_id") VALUES (214,'Cicuco','t',13);
INSERT INTO "public"."city" ("city_id", "city_name", "enabled", "department_id") VALUES (215,'Cimitarra','t',68);
INSERT INTO "public"."city" ("city_id", "city_name", "enabled", "department_id") VALUES (216,'Circasia','t',63);
INSERT INTO "public"."city" ("city_id", "city_name", "enabled", "department_id") VALUES (217,'Cisneros','t',5);
INSERT INTO "public"."city" ("city_id", "city_name", "enabled", "department_id") VALUES (218,'Ciénaga','t',15);
INSERT INTO "public"."city" ("city_id", "city_name", "enabled", "department_id") VALUES (219,'Ciénaga','t',47);
INSERT INTO "public"."city" ("city_id", "city_name", "enabled", "department_id") VALUES (220,'Ciénaga de Oro','t',23);
INSERT INTO "public"."city" ("city_id", "city_name", "enabled", "department_id") VALUES (221,'Clemencia','t',13);
INSERT INTO "public"."city" ("city_id", "city_name", "enabled", "department_id") VALUES (222,'Cocorná','t',5);
INSERT INTO "public"."city" ("city_id", "city_name", "enabled", "department_id") VALUES (223,'Coello','t',73);
INSERT INTO "public"."city" ("city_id", "city_name", "enabled", "department_id") VALUES (224,'Cogua','t',25);
INSERT INTO "public"."city" ("city_id", "city_name", "enabled", "department_id") VALUES (225,'Colombia','t',41);
INSERT INTO "public"."city" ("city_id", "city_name", "enabled", "department_id") VALUES (226,'Colosó (Ricaurte)','t',70);
INSERT INTO "public"."city" ("city_id", "city_name", "enabled", "department_id") VALUES (227,'Colón','t',86);
INSERT INTO "public"."city" ("city_id", "city_name", "enabled", "department_id") VALUES (228,'Colón (Génova)','t',52);
INSERT INTO "public"."city" ("city_id", "city_name", "enabled", "department_id") VALUES (229,'Concepción','t',5);
INSERT INTO "public"."city" ("city_id", "city_name", "enabled", "department_id") VALUES (230,'Concepción','t',68);
INSERT INTO "public"."city" ("city_id", "city_name", "enabled", "department_id") VALUES (231,'Concordia','t',5);
INSERT INTO "public"."city" ("city_id", "city_name", "enabled", "department_id") VALUES (232,'Concordia','t',47);
INSERT INTO "public"."city" ("city_id", "city_name", "enabled", "department_id") VALUES (233,'Condoto','t',27);
INSERT INTO "public"."city" ("city_id", "city_name", "enabled", "department_id") VALUES (234,'Confines','t',68);
INSERT INTO "public"."city" ("city_id", "city_name", "enabled", "department_id") VALUES (235,'Consaca','t',52);
INSERT INTO "public"."city" ("city_id", "city_name", "enabled", "department_id") VALUES (236,'Contadero','t',52);
INSERT INTO "public"."city" ("city_id", "city_name", "enabled", "department_id") VALUES (237,'Contratación','t',68);
INSERT INTO "public"."city" ("city_id", "city_name", "enabled", "department_id") VALUES (238,'Convención','t',54);
INSERT INTO "public"."city" ("city_id", "city_name", "enabled", "department_id") VALUES (239,'Copacabana','t',5);
INSERT INTO "public"."city" ("city_id", "city_name", "enabled", "department_id") VALUES (240,'Coper','t',15);
INSERT INTO "public"."city" ("city_id", "city_name", "enabled", "department_id") VALUES (241,'Cordobá','t',63);
INSERT INTO "public"."city" ("city_id", "city_name", "enabled", "department_id") VALUES (242,'Corinto','t',19);
INSERT INTO "public"."city" ("city_id", "city_name", "enabled", "department_id") VALUES (243,'Coromoro','t',68);
INSERT INTO "public"."city" ("city_id", "city_name", "enabled", "department_id") VALUES (244,'Corozal','t',70);
INSERT INTO "public"."city" ("city_id", "city_name", "enabled", "department_id") VALUES (245,'Corrales','t',15);
INSERT INTO "public"."city" ("city_id", "city_name", "enabled", "department_id") VALUES (246,'Cota','t',25);
INSERT INTO "public"."city" ("city_id", "city_name", "enabled", "department_id") VALUES (247,'Cotorra','t',23);
INSERT INTO "public"."city" ("city_id", "city_name", "enabled", "department_id") VALUES (248,'Covarachía','t',15);
INSERT INTO "public"."city" ("city_id", "city_name", "enabled", "department_id") VALUES (249,'Coveñas','t',70);
INSERT INTO "public"."city" ("city_id", "city_name", "enabled", "department_id") VALUES (250,'Coyaima','t',73);
INSERT INTO "public"."city" ("city_id", "city_name", "enabled", "department_id") VALUES (251,'Cravo Norte','t',81);
INSERT INTO "public"."city" ("city_id", "city_name", "enabled", "department_id") VALUES (252,'Cuaspud (Carlosama)','t',52);
INSERT INTO "public"."city" ("city_id", "city_name", "enabled", "department_id") VALUES (253,'Cubarral','t',50);
INSERT INTO "public"."city" ("city_id", "city_name", "enabled", "department_id") VALUES (254,'Cubará','t',15);
INSERT INTO "public"."city" ("city_id", "city_name", "enabled", "department_id") VALUES (255,'Cucaita','t',15);
INSERT INTO "public"."city" ("city_id", "city_name", "enabled", "department_id") VALUES (256,'Cucunubá','t',25);
INSERT INTO "public"."city" ("city_id", "city_name", "enabled", "department_id") VALUES (257,'Cucutilla','t',54);
INSERT INTO "public"."city" ("city_id", "city_name", "enabled", "department_id") VALUES (258,'Cuitiva','t',15);
INSERT INTO "public"."city" ("city_id", "city_name", "enabled", "department_id") VALUES (259,'Cumaral','t',50);
INSERT INTO "public"."city" ("city_id", "city_name", "enabled", "department_id") VALUES (260,'Cumaribo','t',99);
INSERT INTO "public"."city" ("city_id", "city_name", "enabled", "department_id") VALUES (261,'Cumbal','t',52);
INSERT INTO "public"."city" ("city_id", "city_name", "enabled", "department_id") VALUES (262,'Cumbitara','t',52);
INSERT INTO "public"."city" ("city_id", "city_name", "enabled", "department_id") VALUES (263,'Cunday','t',73);
INSERT INTO "public"."city" ("city_id", "city_name", "enabled", "department_id") VALUES (264,'Curillo','t',18);
INSERT INTO "public"."city" ("city_id", "city_name", "enabled", "department_id") VALUES (265,'Curití','t',68);
INSERT INTO "public"."city" ("city_id", "city_name", "enabled", "department_id") VALUES (266,'Curumaní','t',20);
INSERT INTO "public"."city" ("city_id", "city_name", "enabled", "department_id") VALUES (267,'Cáceres','t',5);
INSERT INTO "public"."city" ("city_id", "city_name", "enabled", "department_id") VALUES (268,'Cáchira','t',54);
INSERT INTO "public"."city" ("city_id", "city_name", "enabled", "department_id") VALUES (269,'Cácota','t',54);
INSERT INTO "public"."city" ("city_id", "city_name", "enabled", "department_id") VALUES (270,'Cáqueza','t',25);
INSERT INTO "public"."city" ("city_id", "city_name", "enabled", "department_id") VALUES (271,'Cértegui','t',27);
INSERT INTO "public"."city" ("city_id", "city_name", "enabled", "department_id") VALUES (272,'Cómbita','t',15);
INSERT INTO "public"."city" ("city_id", "city_name", "enabled", "department_id") VALUES (273,'Córdoba','t',13);
INSERT INTO "public"."city" ("city_id", "city_name", "enabled", "department_id") VALUES (274,'Córdoba','t',52);
INSERT INTO "public"."city" ("city_id", "city_name", "enabled", "department_id") VALUES (275,'Cúcuta','t',54);
INSERT INTO "public"."city" ("city_id", "city_name", "enabled", "department_id") VALUES (276,'Dabeiba','t',5);
INSERT INTO "public"."city" ("city_id", "city_name", "enabled", "department_id") VALUES (277,'Dagua','t',76);
INSERT INTO "public"."city" ("city_id", "city_name", "enabled", "department_id") VALUES (278,'Dibulla','t',44);
INSERT INTO "public"."city" ("city_id", "city_name", "enabled", "department_id") VALUES (279,'Distracción','t',44);
INSERT INTO "public"."city" ("city_id", "city_name", "enabled", "department_id") VALUES (280,'Dolores','t',73);
INSERT INTO "public"."city" ("city_id", "city_name", "enabled", "department_id") VALUES (281,'Don Matías','t',5);
INSERT INTO "public"."city" ("city_id", "city_name", "enabled", "department_id") VALUES (282,'Dos Quebradas','t',66);
INSERT INTO "public"."city" ("city_id", "city_name", "enabled", "department_id") VALUES (283,'Duitama','t',15);
INSERT INTO "public"."city" ("city_id", "city_name", "enabled", "department_id") VALUES (284,'Durania','t',54);
INSERT INTO "public"."city" ("city_id", "city_name", "enabled", "department_id") VALUES (285,'Ebéjico','t',5);
INSERT INTO "public"."city" ("city_id", "city_name", "enabled", "department_id") VALUES (286,'El Bagre','t',5);
INSERT INTO "public"."city" ("city_id", "city_name", "enabled", "department_id") VALUES (287,'El Banco','t',47);
INSERT INTO "public"."city" ("city_id", "city_name", "enabled", "department_id") VALUES (288,'El Cairo','t',76);
INSERT INTO "public"."city" ("city_id", "city_name", "enabled", "department_id") VALUES (289,'El Calvario','t',50);
INSERT INTO "public"."city" ("city_id", "city_name", "enabled", "department_id") VALUES (290,'El Carmen','t',54);
INSERT INTO "public"."city" ("city_id", "city_name", "enabled", "department_id") VALUES (291,'El Carmen','t',68);
INSERT INTO "public"."city" ("city_id", "city_name", "enabled", "department_id") VALUES (292,'El Carmen de Atrato','t',27);
INSERT INTO "public"."city" ("city_id", "city_name", "enabled", "department_id") VALUES (293,'El Carmen de Bolívar','t',13);
INSERT INTO "public"."city" ("city_id", "city_name", "enabled", "department_id") VALUES (294,'El Castillo','t',50);
INSERT INTO "public"."city" ("city_id", "city_name", "enabled", "department_id") VALUES (295,'El Cerrito','t',76);
INSERT INTO "public"."city" ("city_id", "city_name", "enabled", "department_id") VALUES (296,'El Charco','t',52);
INSERT INTO "public"."city" ("city_id", "city_name", "enabled", "department_id") VALUES (297,'El Cocuy','t',15);
INSERT INTO "public"."city" ("city_id", "city_name", "enabled", "department_id") VALUES (298,'El Colegio','t',25);
INSERT INTO "public"."city" ("city_id", "city_name", "enabled", "department_id") VALUES (299,'El Copey','t',20);
INSERT INTO "public"."city" ("city_id", "city_name", "enabled", "department_id") VALUES (300,'El Doncello','t',18);
INSERT INTO "public"."city" ("city_id", "city_name", "enabled", "department_id") VALUES (301,'El Dorado','t',50);
INSERT INTO "public"."city" ("city_id", "city_name", "enabled", "department_id") VALUES (302,'El Dovio','t',76);
INSERT INTO "public"."city" ("city_id", "city_name", "enabled", "department_id") VALUES (303,'El Espino','t',15);
INSERT INTO "public"."city" ("city_id", "city_name", "enabled", "department_id") VALUES (304,'El Guacamayo','t',68);
INSERT INTO "public"."city" ("city_id", "city_name", "enabled", "department_id") VALUES (305,'El Guamo','t',13);
INSERT INTO "public"."city" ("city_id", "city_name", "enabled", "department_id") VALUES (306,'El Molino','t',44);
INSERT INTO "public"."city" ("city_id", "city_name", "enabled", "department_id") VALUES (307,'El Paso','t',20);
INSERT INTO "public"."city" ("city_id", "city_name", "enabled", "department_id") VALUES (308,'El Paujil','t',18);
INSERT INTO "public"."city" ("city_id", "city_name", "enabled", "department_id") VALUES (309,'El Peñol','t',52);
INSERT INTO "public"."city" ("city_id", "city_name", "enabled", "department_id") VALUES (310,'El Peñon','t',13);
INSERT INTO "public"."city" ("city_id", "city_name", "enabled", "department_id") VALUES (311,'El Peñon','t',68);
INSERT INTO "public"."city" ("city_id", "city_name", "enabled", "department_id") VALUES (312,'El Peñón','t',25);
INSERT INTO "public"."city" ("city_id", "city_name", "enabled", "department_id") VALUES (313,'El Piñon','t',47);
INSERT INTO "public"."city" ("city_id", "city_name", "enabled", "department_id") VALUES (314,'El Playón','t',68);
INSERT INTO "public"."city" ("city_id", "city_name", "enabled", "department_id") VALUES (315,'El Retorno','t',95);
INSERT INTO "public"."city" ("city_id", "city_name", "enabled", "department_id") VALUES (316,'El Retén','t',47);
INSERT INTO "public"."city" ("city_id", "city_name", "enabled", "department_id") VALUES (317,'El Roble','t',70);
INSERT INTO "public"."city" ("city_id", "city_name", "enabled", "department_id") VALUES (318,'El Rosal','t',25);
INSERT INTO "public"."city" ("city_id", "city_name", "enabled", "department_id") VALUES (319,'El Rosario','t',52);
INSERT INTO "public"."city" ("city_id", "city_name", "enabled", "department_id") VALUES (320,'El Tablón de Gómez','t',52);
INSERT INTO "public"."city" ("city_id", "city_name", "enabled", "department_id") VALUES (321,'El Tambo','t',19);
INSERT INTO "public"."city" ("city_id", "city_name", "enabled", "department_id") VALUES (322,'El Tambo','t',52);
INSERT INTO "public"."city" ("city_id", "city_name", "enabled", "department_id") VALUES (323,'El Tarra','t',54);
INSERT INTO "public"."city" ("city_id", "city_name", "enabled", "department_id") VALUES (324,'El Zulia','t',54);
INSERT INTO "public"."city" ("city_id", "city_name", "enabled", "department_id") VALUES (325,'El Águila','t',76);
INSERT INTO "public"."city" ("city_id", "city_name", "enabled", "department_id") VALUES (326,'Elías','t',41);
INSERT INTO "public"."city" ("city_id", "city_name", "enabled", "department_id") VALUES (327,'Encino','t',68);
INSERT INTO "public"."city" ("city_id", "city_name", "enabled", "department_id") VALUES (328,'Enciso','t',68);
INSERT INTO "public"."city" ("city_id", "city_name", "enabled", "department_id") VALUES (329,'Entrerríos','t',5);
INSERT INTO "public"."city" ("city_id", "city_name", "enabled", "department_id") VALUES (330,'Envigado','t',5);
INSERT INTO "public"."city" ("city_id", "city_name", "enabled", "department_id") VALUES (331,'Espinal','t',73);
INSERT INTO "public"."city" ("city_id", "city_name", "enabled", "department_id") VALUES (332,'Facatativá','t',25);
INSERT INTO "public"."city" ("city_id", "city_name", "enabled", "department_id") VALUES (333,'Falan','t',73);
INSERT INTO "public"."city" ("city_id", "city_name", "enabled", "department_id") VALUES (334,'Filadelfia','t',17);
INSERT INTO "public"."city" ("city_id", "city_name", "enabled", "department_id") VALUES (335,'Filandia','t',63);
INSERT INTO "public"."city" ("city_id", "city_name", "enabled", "department_id") VALUES (336,'Firavitoba','t',15);
INSERT INTO "public"."city" ("city_id", "city_name", "enabled", "department_id") VALUES (337,'Flandes','t',73);
INSERT INTO "public"."city" ("city_id", "city_name", "enabled", "department_id") VALUES (338,'Florencia','t',18);
INSERT INTO "public"."city" ("city_id", "city_name", "enabled", "department_id") VALUES (339,'Florencia','t',19);
INSERT INTO "public"."city" ("city_id", "city_name", "enabled", "department_id") VALUES (340,'Floresta','t',15);
INSERT INTO "public"."city" ("city_id", "city_name", "enabled", "department_id") VALUES (341,'Florida','t',76);
INSERT INTO "public"."city" ("city_id", "city_name", "enabled", "department_id") VALUES (342,'Floridablanca','t',68);
INSERT INTO "public"."city" ("city_id", "city_name", "enabled", "department_id") VALUES (343,'Florián','t',68);
INSERT INTO "public"."city" ("city_id", "city_name", "enabled", "department_id") VALUES (344,'Fonseca','t',44);
INSERT INTO "public"."city" ("city_id", "city_name", "enabled", "department_id") VALUES (345,'Fortúl','t',81);
INSERT INTO "public"."city" ("city_id", "city_name", "enabled", "department_id") VALUES (346,'Fosca','t',25);
INSERT INTO "public"."city" ("city_id", "city_name", "enabled", "department_id") VALUES (347,'Francisco Pizarro','t',52);
INSERT INTO "public"."city" ("city_id", "city_name", "enabled", "department_id") VALUES (348,'Fredonia','t',5);
INSERT INTO "public"."city" ("city_id", "city_name", "enabled", "department_id") VALUES (349,'Fresno','t',73);
INSERT INTO "public"."city" ("city_id", "city_name", "enabled", "department_id") VALUES (350,'Frontino','t',5);
INSERT INTO "public"."city" ("city_id", "city_name", "enabled", "department_id") VALUES (351,'Fuente de Oro','t',50);
INSERT INTO "public"."city" ("city_id", "city_name", "enabled", "department_id") VALUES (352,'Fundación','t',47);
INSERT INTO "public"."city" ("city_id", "city_name", "enabled", "department_id") VALUES (353,'Funes','t',52);
INSERT INTO "public"."city" ("city_id", "city_name", "enabled", "department_id") VALUES (354,'Funza','t',25);
INSERT INTO "public"."city" ("city_id", "city_name", "enabled", "department_id") VALUES (355,'Fusagasugá','t',25);
INSERT INTO "public"."city" ("city_id", "city_name", "enabled", "department_id") VALUES (356,'Fómeque','t',25);
INSERT INTO "public"."city" ("city_id", "city_name", "enabled", "department_id") VALUES (357,'Fúquene','t',25);
INSERT INTO "public"."city" ("city_id", "city_name", "enabled", "department_id") VALUES (358,'Gachalá','t',25);
INSERT INTO "public"."city" ("city_id", "city_name", "enabled", "department_id") VALUES (359,'Gachancipá','t',25);
INSERT INTO "public"."city" ("city_id", "city_name", "enabled", "department_id") VALUES (360,'Gachantivá','t',15);
INSERT INTO "public"."city" ("city_id", "city_name", "enabled", "department_id") VALUES (361,'Gachetá','t',25);
INSERT INTO "public"."city" ("city_id", "city_name", "enabled", "department_id") VALUES (362,'Galapa','t',8);
INSERT INTO "public"."city" ("city_id", "city_name", "enabled", "department_id") VALUES (363,'Galeras (Nueva Granada)','t',70);
INSERT INTO "public"."city" ("city_id", "city_name", "enabled", "department_id") VALUES (364,'Galán','t',68);
INSERT INTO "public"."city" ("city_id", "city_name", "enabled", "department_id") VALUES (365,'Gama','t',25);
INSERT INTO "public"."city" ("city_id", "city_name", "enabled", "department_id") VALUES (366,'Gamarra','t',20);
INSERT INTO "public"."city" ("city_id", "city_name", "enabled", "department_id") VALUES (367,'Garagoa','t',15);
INSERT INTO "public"."city" ("city_id", "city_name", "enabled", "department_id") VALUES (368,'Garzón','t',41);
INSERT INTO "public"."city" ("city_id", "city_name", "enabled", "department_id") VALUES (369,'Gigante','t',41);
INSERT INTO "public"."city" ("city_id", "city_name", "enabled", "department_id") VALUES (370,'Ginebra','t',76);
INSERT INTO "public"."city" ("city_id", "city_name", "enabled", "department_id") VALUES (371,'Giraldo','t',5);
INSERT INTO "public"."city" ("city_id", "city_name", "enabled", "department_id") VALUES (372,'Girardot','t',25);
INSERT INTO "public"."city" ("city_id", "city_name", "enabled", "department_id") VALUES (373,'Girardota','t',5);
INSERT INTO "public"."city" ("city_id", "city_name", "enabled", "department_id") VALUES (374,'Girón','t',68);
INSERT INTO "public"."city" ("city_id", "city_name", "enabled", "department_id") VALUES (375,'Gonzalez','t',20);
INSERT INTO "public"."city" ("city_id", "city_name", "enabled", "department_id") VALUES (376,'Gramalote','t',54);
INSERT INTO "public"."city" ("city_id", "city_name", "enabled", "department_id") VALUES (377,'Granada','t',5);
INSERT INTO "public"."city" ("city_id", "city_name", "enabled", "department_id") VALUES (378,'Granada','t',25);
INSERT INTO "public"."city" ("city_id", "city_name", "enabled", "department_id") VALUES (379,'Granada','t',50);
INSERT INTO "public"."city" ("city_id", "city_name", "enabled", "department_id") VALUES (380,'Guaca','t',68);
INSERT INTO "public"."city" ("city_id", "city_name", "enabled", "department_id") VALUES (381,'Guacamayas','t',15);
INSERT INTO "public"."city" ("city_id", "city_name", "enabled", "department_id") VALUES (382,'Guacarí','t',76);
INSERT INTO "public"."city" ("city_id", "city_name", "enabled", "department_id") VALUES (383,'Guachavés','t',52);
INSERT INTO "public"."city" ("city_id", "city_name", "enabled", "department_id") VALUES (384,'Guachené','t',19);
INSERT INTO "public"."city" ("city_id", "city_name", "enabled", "department_id") VALUES (385,'Guachetá','t',25);
INSERT INTO "public"."city" ("city_id", "city_name", "enabled", "department_id") VALUES (386,'Guachucal','t',52);
INSERT INTO "public"."city" ("city_id", "city_name", "enabled", "department_id") VALUES (387,'Guadalupe','t',5);
INSERT INTO "public"."city" ("city_id", "city_name", "enabled", "department_id") VALUES (388,'Guadalupe','t',41);
INSERT INTO "public"."city" ("city_id", "city_name", "enabled", "department_id") VALUES (389,'Guadalupe','t',68);
INSERT INTO "public"."city" ("city_id", "city_name", "enabled", "department_id") VALUES (390,'Guaduas','t',25);
INSERT INTO "public"."city" ("city_id", "city_name", "enabled", "department_id") VALUES (391,'Guaitarilla','t',52);
INSERT INTO "public"."city" ("city_id", "city_name", "enabled", "department_id") VALUES (392,'Gualmatán','t',52);
INSERT INTO "public"."city" ("city_id", "city_name", "enabled", "department_id") VALUES (393,'Guamal','t',47);
INSERT INTO "public"."city" ("city_id", "city_name", "enabled", "department_id") VALUES (394,'Guamal','t',50);
INSERT INTO "public"."city" ("city_id", "city_name", "enabled", "department_id") VALUES (395,'Guamo','t',73);
INSERT INTO "public"."city" ("city_id", "city_name", "enabled", "department_id") VALUES (396,'Guapota','t',68);
INSERT INTO "public"."city" ("city_id", "city_name", "enabled", "department_id") VALUES (397,'Guapí','t',19);
INSERT INTO "public"."city" ("city_id", "city_name", "enabled", "department_id") VALUES (398,'Guaranda','t',70);
INSERT INTO "public"."city" ("city_id", "city_name", "enabled", "department_id") VALUES (399,'Guarne','t',5);
INSERT INTO "public"."city" ("city_id", "city_name", "enabled", "department_id") VALUES (400,'Guasca','t',25);
INSERT INTO "public"."city" ("city_id", "city_name", "enabled", "department_id") VALUES (401,'Guatapé','t',5);
INSERT INTO "public"."city" ("city_id", "city_name", "enabled", "department_id") VALUES (402,'Guataquí','t',25);
INSERT INTO "public"."city" ("city_id", "city_name", "enabled", "department_id") VALUES (403,'Guatavita','t',25);
INSERT INTO "public"."city" ("city_id", "city_name", "enabled", "department_id") VALUES (404,'Guateque','t',15);
INSERT INTO "public"."city" ("city_id", "city_name", "enabled", "department_id") VALUES (405,'Guavatá','t',68);
INSERT INTO "public"."city" ("city_id", "city_name", "enabled", "department_id") VALUES (406,'Guayabal de Siquima','t',25);
INSERT INTO "public"."city" ("city_id", "city_name", "enabled", "department_id") VALUES (407,'Guayabetal','t',25);
INSERT INTO "public"."city" ("city_id", "city_name", "enabled", "department_id") VALUES (408,'Guayatá','t',15);
INSERT INTO "public"."city" ("city_id", "city_name", "enabled", "department_id") VALUES (409,'Guepsa','t',68);
INSERT INTO "public"."city" ("city_id", "city_name", "enabled", "department_id") VALUES (410,'Guicán','t',15);
INSERT INTO "public"."city" ("city_id", "city_name", "enabled", "department_id") VALUES (411,'Gutiérrez','t',25);
INSERT INTO "public"."city" ("city_id", "city_name", "enabled", "department_id") VALUES (412,'Guática','t',66);
INSERT INTO "public"."city" ("city_id", "city_name", "enabled", "department_id") VALUES (413,'Gámbita','t',68);
INSERT INTO "public"."city" ("city_id", "city_name", "enabled", "department_id") VALUES (414,'Gámeza','t',15);
INSERT INTO "public"."city" ("city_id", "city_name", "enabled", "department_id") VALUES (415,'Génova','t',63);
INSERT INTO "public"."city" ("city_id", "city_name", "enabled", "department_id") VALUES (416,'Gómez Plata','t',5);
INSERT INTO "public"."city" ("city_id", "city_name", "enabled", "department_id") VALUES (417,'Hacarí','t',54);
INSERT INTO "public"."city" ("city_id", "city_name", "enabled", "department_id") VALUES (418,'Hatillo de Loba','t',13);
INSERT INTO "public"."city" ("city_id", "city_name", "enabled", "department_id") VALUES (419,'Hato','t',68);
INSERT INTO "public"."city" ("city_id", "city_name", "enabled", "department_id") VALUES (420,'Hato Corozal','t',85);
INSERT INTO "public"."city" ("city_id", "city_name", "enabled", "department_id") VALUES (421,'Hatonuevo','t',44);
INSERT INTO "public"."city" ("city_id", "city_name", "enabled", "department_id") VALUES (422,'Heliconia','t',5);
INSERT INTO "public"."city" ("city_id", "city_name", "enabled", "department_id") VALUES (423,'Herrán','t',54);
INSERT INTO "public"."city" ("city_id", "city_name", "enabled", "department_id") VALUES (424,'Herveo','t',73);
INSERT INTO "public"."city" ("city_id", "city_name", "enabled", "department_id") VALUES (425,'Hispania','t',5);
INSERT INTO "public"."city" ("city_id", "city_name", "enabled", "department_id") VALUES (426,'Hobo','t',41);
INSERT INTO "public"."city" ("city_id", "city_name", "enabled", "department_id") VALUES (427,'Honda','t',73);
INSERT INTO "public"."city" ("city_id", "city_name", "enabled", "department_id") VALUES (428,'Ibagué','t',73);
INSERT INTO "public"."city" ("city_id", "city_name", "enabled", "department_id") VALUES (429,'Icononzo','t',73);
INSERT INTO "public"."city" ("city_id", "city_name", "enabled", "department_id") VALUES (430,'Iles','t',52);
INSERT INTO "public"."city" ("city_id", "city_name", "enabled", "department_id") VALUES (431,'Imúes','t',52);
INSERT INTO "public"."city" ("city_id", "city_name", "enabled", "department_id") VALUES (432,'Inzá','t',19);
INSERT INTO "public"."city" ("city_id", "city_name", "enabled", "department_id") VALUES (433,'Inírida','t',94);
INSERT INTO "public"."city" ("city_id", "city_name", "enabled", "department_id") VALUES (434,'Ipiales','t',52);
INSERT INTO "public"."city" ("city_id", "city_name", "enabled", "department_id") VALUES (435,'Isnos','t',41);
INSERT INTO "public"."city" ("city_id", "city_name", "enabled", "department_id") VALUES (436,'Istmina','t',27);
INSERT INTO "public"."city" ("city_id", "city_name", "enabled", "department_id") VALUES (437,'Itagüí','t',5);
INSERT INTO "public"."city" ("city_id", "city_name", "enabled", "department_id") VALUES (438,'Ituango','t',5);
INSERT INTO "public"."city" ("city_id", "city_name", "enabled", "department_id") VALUES (439,'Izá','t',15);
INSERT INTO "public"."city" ("city_id", "city_name", "enabled", "department_id") VALUES (440,'Jambaló','t',19);
INSERT INTO "public"."city" ("city_id", "city_name", "enabled", "department_id") VALUES (441,'Jamundí','t',76);
INSERT INTO "public"."city" ("city_id", "city_name", "enabled", "department_id") VALUES (442,'Jardín','t',5);
INSERT INTO "public"."city" ("city_id", "city_name", "enabled", "department_id") VALUES (443,'Jenesano','t',15);
INSERT INTO "public"."city" ("city_id", "city_name", "enabled", "department_id") VALUES (444,'Jericó','t',5);
INSERT INTO "public"."city" ("city_id", "city_name", "enabled", "department_id") VALUES (445,'Jericó','t',15);
INSERT INTO "public"."city" ("city_id", "city_name", "enabled", "department_id") VALUES (446,'Jerusalén','t',25);
INSERT INTO "public"."city" ("city_id", "city_name", "enabled", "department_id") VALUES (447,'Jesús María','t',68);
INSERT INTO "public"."city" ("city_id", "city_name", "enabled", "department_id") VALUES (448,'Jordán','t',68);
INSERT INTO "public"."city" ("city_id", "city_name", "enabled", "department_id") VALUES (449,'Juan de Acosta','t',8);
INSERT INTO "public"."city" ("city_id", "city_name", "enabled", "department_id") VALUES (450,'Junín','t',25);
INSERT INTO "public"."city" ("city_id", "city_name", "enabled", "department_id") VALUES (451,'Juradó','t',27);
INSERT INTO "public"."city" ("city_id", "city_name", "enabled", "department_id") VALUES (452,'La Apartada y La Frontera','t',23);
INSERT INTO "public"."city" ("city_id", "city_name", "enabled", "department_id") VALUES (453,'La Argentina','t',41);
INSERT INTO "public"."city" ("city_id", "city_name", "enabled", "department_id") VALUES (454,'La Belleza','t',68);
INSERT INTO "public"."city" ("city_id", "city_name", "enabled", "department_id") VALUES (455,'La Calera','t',25);
INSERT INTO "public"."city" ("city_id", "city_name", "enabled", "department_id") VALUES (456,'La Capilla','t',15);
INSERT INTO "public"."city" ("city_id", "city_name", "enabled", "department_id") VALUES (457,'La Ceja','t',5);
INSERT INTO "public"."city" ("city_id", "city_name", "enabled", "department_id") VALUES (458,'La Celia','t',66);
INSERT INTO "public"."city" ("city_id", "city_name", "enabled", "department_id") VALUES (459,'La Cruz','t',52);
INSERT INTO "public"."city" ("city_id", "city_name", "enabled", "department_id") VALUES (460,'La Cumbre','t',76);
INSERT INTO "public"."city" ("city_id", "city_name", "enabled", "department_id") VALUES (461,'La Dorada','t',17);
INSERT INTO "public"."city" ("city_id", "city_name", "enabled", "department_id") VALUES (462,'La Esperanza','t',54);
INSERT INTO "public"."city" ("city_id", "city_name", "enabled", "department_id") VALUES (463,'La Estrella','t',5);
INSERT INTO "public"."city" ("city_id", "city_name", "enabled", "department_id") VALUES (464,'La Florida','t',52);
INSERT INTO "public"."city" ("city_id", "city_name", "enabled", "department_id") VALUES (465,'La Gloria','t',20);
INSERT INTO "public"."city" ("city_id", "city_name", "enabled", "department_id") VALUES (466,'La Jagua de Ibirico','t',20);
INSERT INTO "public"."city" ("city_id", "city_name", "enabled", "department_id") VALUES (467,'La Jagua del Pilar','t',44);
INSERT INTO "public"."city" ("city_id", "city_name", "enabled", "department_id") VALUES (468,'La Llanada','t',52);
INSERT INTO "public"."city" ("city_id", "city_name", "enabled", "department_id") VALUES (469,'La Macarena','t',50);
INSERT INTO "public"."city" ("city_id", "city_name", "enabled", "department_id") VALUES (470,'La Merced','t',17);
INSERT INTO "public"."city" ("city_id", "city_name", "enabled", "department_id") VALUES (471,'La Mesa','t',25);
INSERT INTO "public"."city" ("city_id", "city_name", "enabled", "department_id") VALUES (472,'La Montañita','t',18);
INSERT INTO "public"."city" ("city_id", "city_name", "enabled", "department_id") VALUES (473,'La Palma','t',25);
INSERT INTO "public"."city" ("city_id", "city_name", "enabled", "department_id") VALUES (474,'La Paz','t',68);
INSERT INTO "public"."city" ("city_id", "city_name", "enabled", "department_id") VALUES (475,'La Paz (Robles)','t',20);
INSERT INTO "public"."city" ("city_id", "city_name", "enabled", "department_id") VALUES (476,'La Peña','t',25);
INSERT INTO "public"."city" ("city_id", "city_name", "enabled", "department_id") VALUES (477,'La Pintada','t',5);
INSERT INTO "public"."city" ("city_id", "city_name", "enabled", "department_id") VALUES (478,'La Plata','t',41);
INSERT INTO "public"."city" ("city_id", "city_name", "enabled", "department_id") VALUES (479,'La Playa','t',54);
INSERT INTO "public"."city" ("city_id", "city_name", "enabled", "department_id") VALUES (480,'La Primavera','t',99);
INSERT INTO "public"."city" ("city_id", "city_name", "enabled", "department_id") VALUES (481,'La Salina','t',85);
INSERT INTO "public"."city" ("city_id", "city_name", "enabled", "department_id") VALUES (482,'La Sierra','t',19);
INSERT INTO "public"."city" ("city_id", "city_name", "enabled", "department_id") VALUES (483,'La Tebaida','t',63);
INSERT INTO "public"."city" ("city_id", "city_name", "enabled", "department_id") VALUES (484,'La Tola','t',52);
INSERT INTO "public"."city" ("city_id", "city_name", "enabled", "department_id") VALUES (485,'La Unión','t',5);
INSERT INTO "public"."city" ("city_id", "city_name", "enabled", "department_id") VALUES (486,'La Unión','t',52);
INSERT INTO "public"."city" ("city_id", "city_name", "enabled", "department_id") VALUES (487,'La Unión','t',70);
INSERT INTO "public"."city" ("city_id", "city_name", "enabled", "department_id") VALUES (488,'La Unión','t',76);
INSERT INTO "public"."city" ("city_id", "city_name", "enabled", "department_id") VALUES (489,'La Uvita','t',15);
INSERT INTO "public"."city" ("city_id", "city_name", "enabled", "department_id") VALUES (490,'La Vega','t',19);
INSERT INTO "public"."city" ("city_id", "city_name", "enabled", "department_id") VALUES (491,'La Vega','t',25);
INSERT INTO "public"."city" ("city_id", "city_name", "enabled", "department_id") VALUES (492,'La Victoria','t',15);
INSERT INTO "public"."city" ("city_id", "city_name", "enabled", "department_id") VALUES (493,'La Victoria','t',17);
INSERT INTO "public"."city" ("city_id", "city_name", "enabled", "department_id") VALUES (494,'La Victoria','t',76);
INSERT INTO "public"."city" ("city_id", "city_name", "enabled", "department_id") VALUES (495,'La Virginia','t',66);
INSERT INTO "public"."city" ("city_id", "city_name", "enabled", "department_id") VALUES (496,'Labateca','t',54);
INSERT INTO "public"."city" ("city_id", "city_name", "enabled", "department_id") VALUES (497,'Labranzagrande','t',15);
INSERT INTO "public"."city" ("city_id", "city_name", "enabled", "department_id") VALUES (498,'Landázuri','t',68);
INSERT INTO "public"."city" ("city_id", "city_name", "enabled", "department_id") VALUES (499,'Lebrija','t',68);
INSERT INTO "public"."city" ("city_id", "city_name", "enabled", "department_id") VALUES (500,'Leiva','t',52);
INSERT INTO "public"."city" ("city_id", "city_name", "enabled", "department_id") VALUES (501,'Lejanías','t',50);
INSERT INTO "public"."city" ("city_id", "city_name", "enabled", "department_id") VALUES (502,'Lenguazaque','t',25);
INSERT INTO "public"."city" ("city_id", "city_name", "enabled", "department_id") VALUES (503,'Leticia','t',91);
INSERT INTO "public"."city" ("city_id", "city_name", "enabled", "department_id") VALUES (504,'Liborina','t',5);
INSERT INTO "public"."city" ("city_id", "city_name", "enabled", "department_id") VALUES (505,'Linares','t',52);
INSERT INTO "public"."city" ("city_id", "city_name", "enabled", "department_id") VALUES (506,'Lloró','t',27);
INSERT INTO "public"."city" ("city_id", "city_name", "enabled", "department_id") VALUES (507,'Lorica','t',23);
INSERT INTO "public"."city" ("city_id", "city_name", "enabled", "department_id") VALUES (508,'Los Córdobas','t',23);
INSERT INTO "public"."city" ("city_id", "city_name", "enabled", "department_id") VALUES (509,'Los Palmitos','t',70);
INSERT INTO "public"."city" ("city_id", "city_name", "enabled", "department_id") VALUES (510,'Los Patios','t',54);
INSERT INTO "public"."city" ("city_id", "city_name", "enabled", "department_id") VALUES (511,'Los Santos','t',68);
INSERT INTO "public"."city" ("city_id", "city_name", "enabled", "department_id") VALUES (512,'Lourdes','t',54);
INSERT INTO "public"."city" ("city_id", "city_name", "enabled", "department_id") VALUES (513,'Luruaco','t',8);
INSERT INTO "public"."city" ("city_id", "city_name", "enabled", "department_id") VALUES (514,'Lérida','t',73);
INSERT INTO "public"."city" ("city_id", "city_name", "enabled", "department_id") VALUES (515,'Líbano','t',73);
INSERT INTO "public"."city" ("city_id", "city_name", "enabled", "department_id") VALUES (516,'López (Micay)','t',19);
INSERT INTO "public"."city" ("city_id", "city_name", "enabled", "department_id") VALUES (517,'Macanal','t',15);
INSERT INTO "public"."city" ("city_id", "city_name", "enabled", "department_id") VALUES (518,'Macaravita','t',68);
INSERT INTO "public"."city" ("city_id", "city_name", "enabled", "department_id") VALUES (519,'Maceo','t',5);
INSERT INTO "public"."city" ("city_id", "city_name", "enabled", "department_id") VALUES (520,'Machetá','t',25);
INSERT INTO "public"."city" ("city_id", "city_name", "enabled", "department_id") VALUES (521,'Madrid','t',25);
INSERT INTO "public"."city" ("city_id", "city_name", "enabled", "department_id") VALUES (522,'Magangué','t',13);
INSERT INTO "public"."city" ("city_id", "city_name", "enabled", "department_id") VALUES (523,'Magüi (Payán)','t',52);
INSERT INTO "public"."city" ("city_id", "city_name", "enabled", "department_id") VALUES (524,'Mahates','t',13);
INSERT INTO "public"."city" ("city_id", "city_name", "enabled", "department_id") VALUES (525,'Maicao','t',44);
INSERT INTO "public"."city" ("city_id", "city_name", "enabled", "department_id") VALUES (526,'Majagual','t',70);
INSERT INTO "public"."city" ("city_id", "city_name", "enabled", "department_id") VALUES (527,'Malambo','t',8);
INSERT INTO "public"."city" ("city_id", "city_name", "enabled", "department_id") VALUES (528,'Mallama (Piedrancha)','t',52);
INSERT INTO "public"."city" ("city_id", "city_name", "enabled", "department_id") VALUES (529,'Manatí','t',8);
INSERT INTO "public"."city" ("city_id", "city_name", "enabled", "department_id") VALUES (530,'Manaure','t',44);
INSERT INTO "public"."city" ("city_id", "city_name", "enabled", "department_id") VALUES (531,'Manaure Balcón del Cesar','t',20);
INSERT INTO "public"."city" ("city_id", "city_name", "enabled", "department_id") VALUES (532,'Manizales','t',17);
INSERT INTO "public"."city" ("city_id", "city_name", "enabled", "department_id") VALUES (533,'Manta','t',25);
INSERT INTO "public"."city" ("city_id", "city_name", "enabled", "department_id") VALUES (534,'Manzanares','t',17);
INSERT INTO "public"."city" ("city_id", "city_name", "enabled", "department_id") VALUES (535,'Maní','t',85);
INSERT INTO "public"."city" ("city_id", "city_name", "enabled", "department_id") VALUES (536,'Mapiripan','t',50);
INSERT INTO "public"."city" ("city_id", "city_name", "enabled", "department_id") VALUES (537,'Margarita','t',13);
INSERT INTO "public"."city" ("city_id", "city_name", "enabled", "department_id") VALUES (538,'Marinilla','t',5);
INSERT INTO "public"."city" ("city_id", "city_name", "enabled", "department_id") VALUES (539,'Maripí','t',15);
INSERT INTO "public"."city" ("city_id", "city_name", "enabled", "department_id") VALUES (540,'Mariquita','t',73);
INSERT INTO "public"."city" ("city_id", "city_name", "enabled", "department_id") VALUES (541,'Marmato','t',17);
INSERT INTO "public"."city" ("city_id", "city_name", "enabled", "department_id") VALUES (542,'Marquetalia','t',17);
INSERT INTO "public"."city" ("city_id", "city_name", "enabled", "department_id") VALUES (543,'Marsella','t',66);
INSERT INTO "public"."city" ("city_id", "city_name", "enabled", "department_id") VALUES (544,'Marulanda','t',17);
INSERT INTO "public"."city" ("city_id", "city_name", "enabled", "department_id") VALUES (545,'María la Baja','t',13);
INSERT INTO "public"."city" ("city_id", "city_name", "enabled", "department_id") VALUES (546,'Matanza','t',68);
INSERT INTO "public"."city" ("city_id", "city_name", "enabled", "department_id") VALUES (547,'Medellín','t',5);
INSERT INTO "public"."city" ("city_id", "city_name", "enabled", "department_id") VALUES (548,'Medina','t',25);
INSERT INTO "public"."city" ("city_id", "city_name", "enabled", "department_id") VALUES (549,'Medio Atrato','t',27);
INSERT INTO "public"."city" ("city_id", "city_name", "enabled", "department_id") VALUES (550,'Medio Baudó','t',27);
INSERT INTO "public"."city" ("city_id", "city_name", "enabled", "department_id") VALUES (551,'Medio San Juan (ANDAGOYA)','t',27);
INSERT INTO "public"."city" ("city_id", "city_name", "enabled", "department_id") VALUES (552,'Melgar','t',73);
INSERT INTO "public"."city" ("city_id", "city_name", "enabled", "department_id") VALUES (553,'Mercaderes','t',19);
INSERT INTO "public"."city" ("city_id", "city_name", "enabled", "department_id") VALUES (554,'Mesetas','t',50);
INSERT INTO "public"."city" ("city_id", "city_name", "enabled", "department_id") VALUES (555,'Milán','t',18);
INSERT INTO "public"."city" ("city_id", "city_name", "enabled", "department_id") VALUES (556,'Miraflores','t',15);
INSERT INTO "public"."city" ("city_id", "city_name", "enabled", "department_id") VALUES (557,'Miraflores','t',95);
INSERT INTO "public"."city" ("city_id", "city_name", "enabled", "department_id") VALUES (558,'Miranda','t',19);
INSERT INTO "public"."city" ("city_id", "city_name", "enabled", "department_id") VALUES (559,'Mistrató','t',66);
INSERT INTO "public"."city" ("city_id", "city_name", "enabled", "department_id") VALUES (560,'Mitú','t',97);
INSERT INTO "public"."city" ("city_id", "city_name", "enabled", "department_id") VALUES (561,'Mocoa','t',86);
INSERT INTO "public"."city" ("city_id", "city_name", "enabled", "department_id") VALUES (562,'Mogotes','t',68);
INSERT INTO "public"."city" ("city_id", "city_name", "enabled", "department_id") VALUES (563,'Molagavita','t',68);
INSERT INTO "public"."city" ("city_id", "city_name", "enabled", "department_id") VALUES (564,'Momil','t',23);
INSERT INTO "public"."city" ("city_id", "city_name", "enabled", "department_id") VALUES (565,'Mompós','t',13);
INSERT INTO "public"."city" ("city_id", "city_name", "enabled", "department_id") VALUES (566,'Mongua','t',15);
INSERT INTO "public"."city" ("city_id", "city_name", "enabled", "department_id") VALUES (567,'Monguí','t',15);
INSERT INTO "public"."city" ("city_id", "city_name", "enabled", "department_id") VALUES (568,'Moniquirá','t',15);
INSERT INTO "public"."city" ("city_id", "city_name", "enabled", "department_id") VALUES (569,'Montebello','t',5);
INSERT INTO "public"."city" ("city_id", "city_name", "enabled", "department_id") VALUES (570,'Montecristo','t',13);
INSERT INTO "public"."city" ("city_id", "city_name", "enabled", "department_id") VALUES (571,'Montelíbano','t',23);
INSERT INTO "public"."city" ("city_id", "city_name", "enabled", "department_id") VALUES (572,'Montenegro','t',63);
INSERT INTO "public"."city" ("city_id", "city_name", "enabled", "department_id") VALUES (573,'Monteria','t',23);
INSERT INTO "public"."city" ("city_id", "city_name", "enabled", "department_id") VALUES (574,'Monterrey','t',85);
INSERT INTO "public"."city" ("city_id", "city_name", "enabled", "department_id") VALUES (575,'Morales','t',13);
INSERT INTO "public"."city" ("city_id", "city_name", "enabled", "department_id") VALUES (576,'Morales','t',19);
INSERT INTO "public"."city" ("city_id", "city_name", "enabled", "department_id") VALUES (577,'Morelia','t',18);
INSERT INTO "public"."city" ("city_id", "city_name", "enabled", "department_id") VALUES (578,'Morroa','t',70);
INSERT INTO "public"."city" ("city_id", "city_name", "enabled", "department_id") VALUES (579,'Mosquera','t',25);
INSERT INTO "public"."city" ("city_id", "city_name", "enabled", "department_id") VALUES (580,'Mosquera','t',52);
INSERT INTO "public"."city" ("city_id", "city_name", "enabled", "department_id") VALUES (581,'Motavita','t',15);
INSERT INTO "public"."city" ("city_id", "city_name", "enabled", "department_id") VALUES (582,'Moñitos','t',23);
INSERT INTO "public"."city" ("city_id", "city_name", "enabled", "department_id") VALUES (583,'Murillo','t',73);
INSERT INTO "public"."city" ("city_id", "city_name", "enabled", "department_id") VALUES (584,'Murindó','t',5);
INSERT INTO "public"."city" ("city_id", "city_name", "enabled", "department_id") VALUES (585,'Mutatá','t',5);
INSERT INTO "public"."city" ("city_id", "city_name", "enabled", "department_id") VALUES (586,'Mutiscua','t',54);
INSERT INTO "public"."city" ("city_id", "city_name", "enabled", "department_id") VALUES (587,'Muzo','t',15);
INSERT INTO "public"."city" ("city_id", "city_name", "enabled", "department_id") VALUES (588,'Málaga','t',68);
INSERT INTO "public"."city" ("city_id", "city_name", "enabled", "department_id") VALUES (589,'Nariño','t',5);
INSERT INTO "public"."city" ("city_id", "city_name", "enabled", "department_id") VALUES (590,'Nariño','t',25);
INSERT INTO "public"."city" ("city_id", "city_name", "enabled", "department_id") VALUES (591,'Nariño','t',52);
INSERT INTO "public"."city" ("city_id", "city_name", "enabled", "department_id") VALUES (592,'Natagaima','t',73);
INSERT INTO "public"."city" ("city_id", "city_name", "enabled", "department_id") VALUES (593,'Nechí','t',5);
INSERT INTO "public"."city" ("city_id", "city_name", "enabled", "department_id") VALUES (594,'Necoclí','t',5);
INSERT INTO "public"."city" ("city_id", "city_name", "enabled", "department_id") VALUES (595,'Neira','t',17);
INSERT INTO "public"."city" ("city_id", "city_name", "enabled", "department_id") VALUES (596,'Neiva','t',41);
INSERT INTO "public"."city" ("city_id", "city_name", "enabled", "department_id") VALUES (597,'Nemocón','t',25);
INSERT INTO "public"."city" ("city_id", "city_name", "enabled", "department_id") VALUES (598,'Nilo','t',25);
INSERT INTO "public"."city" ("city_id", "city_name", "enabled", "department_id") VALUES (599,'Nimaima','t',25);
INSERT INTO "public"."city" ("city_id", "city_name", "enabled", "department_id") VALUES (600,'Nobsa','t',15);
INSERT INTO "public"."city" ("city_id", "city_name", "enabled", "department_id") VALUES (601,'Nocaima','t',25);
INSERT INTO "public"."city" ("city_id", "city_name", "enabled", "department_id") VALUES (602,'Norcasia','t',17);
INSERT INTO "public"."city" ("city_id", "city_name", "enabled", "department_id") VALUES (603,'Norosí','t',13);
INSERT INTO "public"."city" ("city_id", "city_name", "enabled", "department_id") VALUES (604,'Novita','t',27);
INSERT INTO "public"."city" ("city_id", "city_name", "enabled", "department_id") VALUES (605,'Nueva Granada','t',47);
INSERT INTO "public"."city" ("city_id", "city_name", "enabled", "department_id") VALUES (606,'Nuevo Colón','t',15);
INSERT INTO "public"."city" ("city_id", "city_name", "enabled", "department_id") VALUES (607,'Nunchía','t',85);
INSERT INTO "public"."city" ("city_id", "city_name", "enabled", "department_id") VALUES (608,'Nuquí','t',27);
INSERT INTO "public"."city" ("city_id", "city_name", "enabled", "department_id") VALUES (609,'Nátaga','t',41);
INSERT INTO "public"."city" ("city_id", "city_name", "enabled", "department_id") VALUES (610,'Obando','t',76);
INSERT INTO "public"."city" ("city_id", "city_name", "enabled", "department_id") VALUES (611,'Ocamonte','t',68);
INSERT INTO "public"."city" ("city_id", "city_name", "enabled", "department_id") VALUES (612,'Ocaña','t',54);
INSERT INTO "public"."city" ("city_id", "city_name", "enabled", "department_id") VALUES (613,'Oiba','t',68);
INSERT INTO "public"."city" ("city_id", "city_name", "enabled", "department_id") VALUES (614,'Oicatá','t',15);
INSERT INTO "public"."city" ("city_id", "city_name", "enabled", "department_id") VALUES (615,'Olaya','t',5);
INSERT INTO "public"."city" ("city_id", "city_name", "enabled", "department_id") VALUES (616,'Olaya Herrera','t',52);
INSERT INTO "public"."city" ("city_id", "city_name", "enabled", "department_id") VALUES (617,'Onzaga','t',68);
INSERT INTO "public"."city" ("city_id", "city_name", "enabled", "department_id") VALUES (618,'Oporapa','t',41);
INSERT INTO "public"."city" ("city_id", "city_name", "enabled", "department_id") VALUES (619,'Orito','t',86);
INSERT INTO "public"."city" ("city_id", "city_name", "enabled", "department_id") VALUES (620,'Orocué','t',85);
INSERT INTO "public"."city" ("city_id", "city_name", "enabled", "department_id") VALUES (621,'Ortega','t',73);
INSERT INTO "public"."city" ("city_id", "city_name", "enabled", "department_id") VALUES (622,'Ospina','t',52);
INSERT INTO "public"."city" ("city_id", "city_name", "enabled", "department_id") VALUES (623,'Otanche','t',15);
INSERT INTO "public"."city" ("city_id", "city_name", "enabled", "department_id") VALUES (624,'Ovejas','t',70);
INSERT INTO "public"."city" ("city_id", "city_name", "enabled", "department_id") VALUES (625,'Pachavita','t',15);
INSERT INTO "public"."city" ("city_id", "city_name", "enabled", "department_id") VALUES (626,'Pacho','t',25);
INSERT INTO "public"."city" ("city_id", "city_name", "enabled", "department_id") VALUES (627,'Padilla','t',19);
INSERT INTO "public"."city" ("city_id", "city_name", "enabled", "department_id") VALUES (628,'Paicol','t',41);
INSERT INTO "public"."city" ("city_id", "city_name", "enabled", "department_id") VALUES (629,'Pailitas','t',20);
INSERT INTO "public"."city" ("city_id", "city_name", "enabled", "department_id") VALUES (630,'Paime','t',25);
INSERT INTO "public"."city" ("city_id", "city_name", "enabled", "department_id") VALUES (631,'Paipa','t',15);
INSERT INTO "public"."city" ("city_id", "city_name", "enabled", "department_id") VALUES (632,'Pajarito','t',15);
INSERT INTO "public"."city" ("city_id", "city_name", "enabled", "department_id") VALUES (633,'Palermo','t',41);
INSERT INTO "public"."city" ("city_id", "city_name", "enabled", "department_id") VALUES (634,'Palestina','t',17);
INSERT INTO "public"."city" ("city_id", "city_name", "enabled", "department_id") VALUES (635,'Palestina','t',41);
INSERT INTO "public"."city" ("city_id", "city_name", "enabled", "department_id") VALUES (636,'Palmar','t',68);
INSERT INTO "public"."city" ("city_id", "city_name", "enabled", "department_id") VALUES (637,'Palmar de Varela','t',8);
INSERT INTO "public"."city" ("city_id", "city_name", "enabled", "department_id") VALUES (638,'Palmas del Socorro','t',68);
INSERT INTO "public"."city" ("city_id", "city_name", "enabled", "department_id") VALUES (639,'Palmira','t',76);
INSERT INTO "public"."city" ("city_id", "city_name", "enabled", "department_id") VALUES (640,'Palmito','t',70);
INSERT INTO "public"."city" ("city_id", "city_name", "enabled", "department_id") VALUES (641,'Palocabildo','t',73);
INSERT INTO "public"."city" ("city_id", "city_name", "enabled", "department_id") VALUES (642,'Pamplona','t',54);
INSERT INTO "public"."city" ("city_id", "city_name", "enabled", "department_id") VALUES (643,'Pamplonita','t',54);
INSERT INTO "public"."city" ("city_id", "city_name", "enabled", "department_id") VALUES (644,'Pandi','t',25);
INSERT INTO "public"."city" ("city_id", "city_name", "enabled", "department_id") VALUES (645,'Panqueba','t',15);
INSERT INTO "public"."city" ("city_id", "city_name", "enabled", "department_id") VALUES (646,'Paratebueno','t',25);
INSERT INTO "public"."city" ("city_id", "city_name", "enabled", "department_id") VALUES (647,'Pasca','t',25);
INSERT INTO "public"."city" ("city_id", "city_name", "enabled", "department_id") VALUES (648,'Patía (El Bordo)','t',19);
INSERT INTO "public"."city" ("city_id", "city_name", "enabled", "department_id") VALUES (649,'Pauna','t',15);
INSERT INTO "public"."city" ("city_id", "city_name", "enabled", "department_id") VALUES (650,'Paya','t',15);
INSERT INTO "public"."city" ("city_id", "city_name", "enabled", "department_id") VALUES (651,'Paz de Ariporo','t',85);
INSERT INTO "public"."city" ("city_id", "city_name", "enabled", "department_id") VALUES (652,'Paz de Río','t',15);
INSERT INTO "public"."city" ("city_id", "city_name", "enabled", "department_id") VALUES (653,'Pedraza','t',47);
INSERT INTO "public"."city" ("city_id", "city_name", "enabled", "department_id") VALUES (654,'Pelaya','t',20);
INSERT INTO "public"."city" ("city_id", "city_name", "enabled", "department_id") VALUES (655,'Pensilvania','t',17);
INSERT INTO "public"."city" ("city_id", "city_name", "enabled", "department_id") VALUES (656,'Peque','t',5);
INSERT INTO "public"."city" ("city_id", "city_name", "enabled", "department_id") VALUES (657,'Pereira','t',66);
INSERT INTO "public"."city" ("city_id", "city_name", "enabled", "department_id") VALUES (658,'Pesca','t',15);
INSERT INTO "public"."city" ("city_id", "city_name", "enabled", "department_id") VALUES (659,'Peñol','t',5);
INSERT INTO "public"."city" ("city_id", "city_name", "enabled", "department_id") VALUES (660,'Piamonte','t',19);
INSERT INTO "public"."city" ("city_id", "city_name", "enabled", "department_id") VALUES (661,'Pie de Cuesta','t',68);
INSERT INTO "public"."city" ("city_id", "city_name", "enabled", "department_id") VALUES (662,'Piedras','t',73);
INSERT INTO "public"."city" ("city_id", "city_name", "enabled", "department_id") VALUES (663,'Piendamó','t',19);
INSERT INTO "public"."city" ("city_id", "city_name", "enabled", "department_id") VALUES (664,'Pijao','t',63);
INSERT INTO "public"."city" ("city_id", "city_name", "enabled", "department_id") VALUES (665,'Pijiño','t',47);
INSERT INTO "public"."city" ("city_id", "city_name", "enabled", "department_id") VALUES (666,'Pinchote','t',68);
INSERT INTO "public"."city" ("city_id", "city_name", "enabled", "department_id") VALUES (667,'Pinillos','t',13);
INSERT INTO "public"."city" ("city_id", "city_name", "enabled", "department_id") VALUES (668,'Piojo','t',8);
INSERT INTO "public"."city" ("city_id", "city_name", "enabled", "department_id") VALUES (669,'Pisva','t',15);
INSERT INTO "public"."city" ("city_id", "city_name", "enabled", "department_id") VALUES (670,'Pital','t',41);
INSERT INTO "public"."city" ("city_id", "city_name", "enabled", "department_id") VALUES (671,'Pitalito','t',41);
INSERT INTO "public"."city" ("city_id", "city_name", "enabled", "department_id") VALUES (672,'Pivijay','t',47);
INSERT INTO "public"."city" ("city_id", "city_name", "enabled", "department_id") VALUES (673,'Planadas','t',73);
INSERT INTO "public"."city" ("city_id", "city_name", "enabled", "department_id") VALUES (674,'Planeta Rica','t',23);
INSERT INTO "public"."city" ("city_id", "city_name", "enabled", "department_id") VALUES (675,'Plato','t',47);
INSERT INTO "public"."city" ("city_id", "city_name", "enabled", "department_id") VALUES (676,'Policarpa','t',52);
INSERT INTO "public"."city" ("city_id", "city_name", "enabled", "department_id") VALUES (677,'Polonuevo','t',8);
INSERT INTO "public"."city" ("city_id", "city_name", "enabled", "department_id") VALUES (678,'Ponedera','t',8);
INSERT INTO "public"."city" ("city_id", "city_name", "enabled", "department_id") VALUES (679,'Popayán','t',19);
INSERT INTO "public"."city" ("city_id", "city_name", "enabled", "department_id") VALUES (680,'Pore','t',85);
INSERT INTO "public"."city" ("city_id", "city_name", "enabled", "department_id") VALUES (681,'Potosí','t',52);
INSERT INTO "public"."city" ("city_id", "city_name", "enabled", "department_id") VALUES (682,'Pradera','t',76);
INSERT INTO "public"."city" ("city_id", "city_name", "enabled", "department_id") VALUES (683,'Prado','t',73);
INSERT INTO "public"."city" ("city_id", "city_name", "enabled", "department_id") VALUES (684,'Providencia','t',52);
INSERT INTO "public"."city" ("city_id", "city_name", "enabled", "department_id") VALUES (685,'Providencia','t',88);
INSERT INTO "public"."city" ("city_id", "city_name", "enabled", "department_id") VALUES (686,'Pueblo Bello','t',20);
INSERT INTO "public"."city" ("city_id", "city_name", "enabled", "department_id") VALUES (687,'Pueblo Nuevo','t',23);
INSERT INTO "public"."city" ("city_id", "city_name", "enabled", "department_id") VALUES (688,'Pueblo Rico','t',66);
INSERT INTO "public"."city" ("city_id", "city_name", "enabled", "department_id") VALUES (689,'Pueblorrico','t',5);
INSERT INTO "public"."city" ("city_id", "city_name", "enabled", "department_id") VALUES (690,'Puebloviejo','t',47);
INSERT INTO "public"."city" ("city_id", "city_name", "enabled", "department_id") VALUES (691,'Puente Nacional','t',68);
INSERT INTO "public"."city" ("city_id", "city_name", "enabled", "department_id") VALUES (692,'Puerres','t',52);
INSERT INTO "public"."city" ("city_id", "city_name", "enabled", "department_id") VALUES (693,'Puerto Asís','t',86);
INSERT INTO "public"."city" ("city_id", "city_name", "enabled", "department_id") VALUES (694,'Puerto Berrío','t',5);
INSERT INTO "public"."city" ("city_id", "city_name", "enabled", "department_id") VALUES (695,'Puerto Boyacá','t',15);
INSERT INTO "public"."city" ("city_id", "city_name", "enabled", "department_id") VALUES (696,'Puerto Caicedo','t',86);
INSERT INTO "public"."city" ("city_id", "city_name", "enabled", "department_id") VALUES (697,'Puerto Carreño','t',99);
INSERT INTO "public"."city" ("city_id", "city_name", "enabled", "department_id") VALUES (698,'Puerto Colombia','t',8);
INSERT INTO "public"."city" ("city_id", "city_name", "enabled", "department_id") VALUES (699,'Puerto Concordia','t',50);
INSERT INTO "public"."city" ("city_id", "city_name", "enabled", "department_id") VALUES (700,'Puerto Escondido','t',23);
INSERT INTO "public"."city" ("city_id", "city_name", "enabled", "department_id") VALUES (701,'Puerto Gaitán','t',50);
INSERT INTO "public"."city" ("city_id", "city_name", "enabled", "department_id") VALUES (702,'Puerto Guzmán','t',86);
INSERT INTO "public"."city" ("city_id", "city_name", "enabled", "department_id") VALUES (703,'Puerto Leguízamo','t',86);
INSERT INTO "public"."city" ("city_id", "city_name", "enabled", "department_id") VALUES (704,'Puerto Libertador','t',23);
INSERT INTO "public"."city" ("city_id", "city_name", "enabled", "department_id") VALUES (705,'Puerto Lleras','t',50);
INSERT INTO "public"."city" ("city_id", "city_name", "enabled", "department_id") VALUES (706,'Puerto López','t',50);
INSERT INTO "public"."city" ("city_id", "city_name", "enabled", "department_id") VALUES (707,'Puerto Nare','t',5);
INSERT INTO "public"."city" ("city_id", "city_name", "enabled", "department_id") VALUES (708,'Puerto Nariño','t',91);
INSERT INTO "public"."city" ("city_id", "city_name", "enabled", "department_id") VALUES (709,'Puerto Parra','t',68);
INSERT INTO "public"."city" ("city_id", "city_name", "enabled", "department_id") VALUES (710,'Puerto Rico','t',18);
INSERT INTO "public"."city" ("city_id", "city_name", "enabled", "department_id") VALUES (711,'Puerto Rico','t',50);
INSERT INTO "public"."city" ("city_id", "city_name", "enabled", "department_id") VALUES (712,'Puerto Rondón','t',81);
INSERT INTO "public"."city" ("city_id", "city_name", "enabled", "department_id") VALUES (713,'Puerto Salgar','t',25);
INSERT INTO "public"."city" ("city_id", "city_name", "enabled", "department_id") VALUES (714,'Puerto Santander','t',54);
INSERT INTO "public"."city" ("city_id", "city_name", "enabled", "department_id") VALUES (715,'Puerto Tejada','t',19);
INSERT INTO "public"."city" ("city_id", "city_name", "enabled", "department_id") VALUES (716,'Puerto Triunfo','t',5);
INSERT INTO "public"."city" ("city_id", "city_name", "enabled", "department_id") VALUES (717,'Puerto Wilches','t',68);
INSERT INTO "public"."city" ("city_id", "city_name", "enabled", "department_id") VALUES (718,'Pulí','t',25);
INSERT INTO "public"."city" ("city_id", "city_name", "enabled", "department_id") VALUES (719,'Pupiales','t',52);
INSERT INTO "public"."city" ("city_id", "city_name", "enabled", "department_id") VALUES (720,'Puracé (Coconuco)','t',19);
INSERT INTO "public"."city" ("city_id", "city_name", "enabled", "department_id") VALUES (721,'Purificación','t',73);
INSERT INTO "public"."city" ("city_id", "city_name", "enabled", "department_id") VALUES (722,'Purísima','t',23);
INSERT INTO "public"."city" ("city_id", "city_name", "enabled", "department_id") VALUES (723,'Pácora','t',17);
INSERT INTO "public"."city" ("city_id", "city_name", "enabled", "department_id") VALUES (724,'Páez','t',15);
INSERT INTO "public"."city" ("city_id", "city_name", "enabled", "department_id") VALUES (725,'Páez (Belalcazar)','t',19);
INSERT INTO "public"."city" ("city_id", "city_name", "enabled", "department_id") VALUES (726,'Páramo','t',68);
INSERT INTO "public"."city" ("city_id", "city_name", "enabled", "department_id") VALUES (727,'Quebradanegra','t',25);
INSERT INTO "public"."city" ("city_id", "city_name", "enabled", "department_id") VALUES (728,'Quetame','t',25);
INSERT INTO "public"."city" ("city_id", "city_name", "enabled", "department_id") VALUES (729,'Quibdó','t',27);
INSERT INTO "public"."city" ("city_id", "city_name", "enabled", "department_id") VALUES (730,'Quimbaya','t',63);
INSERT INTO "public"."city" ("city_id", "city_name", "enabled", "department_id") VALUES (731,'Quinchía','t',66);
INSERT INTO "public"."city" ("city_id", "city_name", "enabled", "department_id") VALUES (732,'Quipama','t',15);
INSERT INTO "public"."city" ("city_id", "city_name", "enabled", "department_id") VALUES (733,'Quipile','t',25);
INSERT INTO "public"."city" ("city_id", "city_name", "enabled", "department_id") VALUES (734,'Ragonvalia','t',54);
INSERT INTO "public"."city" ("city_id", "city_name", "enabled", "department_id") VALUES (735,'Ramiriquí','t',15);
INSERT INTO "public"."city" ("city_id", "city_name", "enabled", "department_id") VALUES (736,'Recetor','t',85);
INSERT INTO "public"."city" ("city_id", "city_name", "enabled", "department_id") VALUES (737,'Regidor','t',13);
INSERT INTO "public"."city" ("city_id", "city_name", "enabled", "department_id") VALUES (738,'Remedios','t',5);
INSERT INTO "public"."city" ("city_id", "city_name", "enabled", "department_id") VALUES (739,'Remolino','t',47);
INSERT INTO "public"."city" ("city_id", "city_name", "enabled", "department_id") VALUES (740,'Repelón','t',8);
INSERT INTO "public"."city" ("city_id", "city_name", "enabled", "department_id") VALUES (741,'Restrepo','t',50);
INSERT INTO "public"."city" ("city_id", "city_name", "enabled", "department_id") VALUES (742,'Restrepo','t',76);
INSERT INTO "public"."city" ("city_id", "city_name", "enabled", "department_id") VALUES (743,'Retiro','t',5);
INSERT INTO "public"."city" ("city_id", "city_name", "enabled", "department_id") VALUES (744,'Ricaurte','t',25);
INSERT INTO "public"."city" ("city_id", "city_name", "enabled", "department_id") VALUES (745,'Ricaurte','t',52);
INSERT INTO "public"."city" ("city_id", "city_name", "enabled", "department_id") VALUES (746,'Rio Negro','t',68);
INSERT INTO "public"."city" ("city_id", "city_name", "enabled", "department_id") VALUES (747,'Rioblanco','t',73);
INSERT INTO "public"."city" ("city_id", "city_name", "enabled", "department_id") VALUES (748,'Riofrío','t',76);
INSERT INTO "public"."city" ("city_id", "city_name", "enabled", "department_id") VALUES (749,'Riohacha','t',44);
INSERT INTO "public"."city" ("city_id", "city_name", "enabled", "department_id") VALUES (750,'Risaralda','t',17);
INSERT INTO "public"."city" ("city_id", "city_name", "enabled", "department_id") VALUES (751,'Rivera','t',41);
INSERT INTO "public"."city" ("city_id", "city_name", "enabled", "department_id") VALUES (752,'Roberto Payán (San José)','t',52);
INSERT INTO "public"."city" ("city_id", "city_name", "enabled", "department_id") VALUES (753,'Roldanillo','t',76);
INSERT INTO "public"."city" ("city_id", "city_name", "enabled", "department_id") VALUES (754,'Roncesvalles','t',73);
INSERT INTO "public"."city" ("city_id", "city_name", "enabled", "department_id") VALUES (755,'Rondón','t',15);
INSERT INTO "public"."city" ("city_id", "city_name", "enabled", "department_id") VALUES (756,'Rosas','t',19);
INSERT INTO "public"."city" ("city_id", "city_name", "enabled", "department_id") VALUES (757,'Rovira','t',73);
INSERT INTO "public"."city" ("city_id", "city_name", "enabled", "department_id") VALUES (758,'Ráquira','t',15);
INSERT INTO "public"."city" ("city_id", "city_name", "enabled", "department_id") VALUES (759,'Río Iró','t',27);
INSERT INTO "public"."city" ("city_id", "city_name", "enabled", "department_id") VALUES (760,'Río Quito','t',27);
INSERT INTO "public"."city" ("city_id", "city_name", "enabled", "department_id") VALUES (761,'Río Sucio','t',17);
INSERT INTO "public"."city" ("city_id", "city_name", "enabled", "department_id") VALUES (762,'Río Viejo','t',13);
INSERT INTO "public"."city" ("city_id", "city_name", "enabled", "department_id") VALUES (763,'Río de oro','t',20);
INSERT INTO "public"."city" ("city_id", "city_name", "enabled", "department_id") VALUES (764,'Ríonegro','t',5);
INSERT INTO "public"."city" ("city_id", "city_name", "enabled", "department_id") VALUES (765,'Ríosucio','t',27);
INSERT INTO "public"."city" ("city_id", "city_name", "enabled", "department_id") VALUES (766,'Sabana de Torres','t',68);
INSERT INTO "public"."city" ("city_id", "city_name", "enabled", "department_id") VALUES (767,'Sabanagrande','t',8);
INSERT INTO "public"."city" ("city_id", "city_name", "enabled", "department_id") VALUES (768,'Sabanalarga','t',5);
INSERT INTO "public"."city" ("city_id", "city_name", "enabled", "department_id") VALUES (769,'Sabanalarga','t',8);
INSERT INTO "public"."city" ("city_id", "city_name", "enabled", "department_id") VALUES (770,'Sabanalarga','t',85);
INSERT INTO "public"."city" ("city_id", "city_name", "enabled", "department_id") VALUES (771,'Sabanas de San Angel (SAN ANGEL)','t',47);
INSERT INTO "public"."city" ("city_id", "city_name", "enabled", "department_id") VALUES (772,'Sabaneta','t',5);
INSERT INTO "public"."city" ("city_id", "city_name", "enabled", "department_id") VALUES (773,'Saboyá','t',15);
INSERT INTO "public"."city" ("city_id", "city_name", "enabled", "department_id") VALUES (774,'Sahagún','t',23);
INSERT INTO "public"."city" ("city_id", "city_name", "enabled", "department_id") VALUES (775,'Saladoblanco','t',41);
INSERT INTO "public"."city" ("city_id", "city_name", "enabled", "department_id") VALUES (776,'Salamina','t',17);
INSERT INTO "public"."city" ("city_id", "city_name", "enabled", "department_id") VALUES (777,'Salamina','t',47);
INSERT INTO "public"."city" ("city_id", "city_name", "enabled", "department_id") VALUES (778,'Salazar','t',54);
INSERT INTO "public"."city" ("city_id", "city_name", "enabled", "department_id") VALUES (779,'Saldaña','t',73);
INSERT INTO "public"."city" ("city_id", "city_name", "enabled", "department_id") VALUES (780,'Salento','t',63);
INSERT INTO "public"."city" ("city_id", "city_name", "enabled", "department_id") VALUES (781,'Salgar','t',5);
INSERT INTO "public"."city" ("city_id", "city_name", "enabled", "department_id") VALUES (782,'Samacá','t',15);
INSERT INTO "public"."city" ("city_id", "city_name", "enabled", "department_id") VALUES (783,'Samaniego','t',52);
INSERT INTO "public"."city" ("city_id", "city_name", "enabled", "department_id") VALUES (784,'Samaná','t',17);
INSERT INTO "public"."city" ("city_id", "city_name", "enabled", "department_id") VALUES (785,'Sampués','t',70);
INSERT INTO "public"."city" ("city_id", "city_name", "enabled", "department_id") VALUES (786,'San Agustín','t',41);
INSERT INTO "public"."city" ("city_id", "city_name", "enabled", "department_id") VALUES (787,'San Alberto','t',20);
INSERT INTO "public"."city" ("city_id", "city_name", "enabled", "department_id") VALUES (788,'San Andrés','t',68);
INSERT INTO "public"."city" ("city_id", "city_name", "enabled", "department_id") VALUES (789,'San Andrés Sotavento','t',23);
INSERT INTO "public"."city" ("city_id", "city_name", "enabled", "department_id") VALUES (790,'San Andrés de Cuerquía','t',5);
INSERT INTO "public"."city" ("city_id", "city_name", "enabled", "department_id") VALUES (791,'San Antero','t',23);
INSERT INTO "public"."city" ("city_id", "city_name", "enabled", "department_id") VALUES (792,'San Antonio','t',73);
INSERT INTO "public"."city" ("city_id", "city_name", "enabled", "department_id") VALUES (793,'San Antonio de Tequendama','t',25);
INSERT INTO "public"."city" ("city_id", "city_name", "enabled", "department_id") VALUES (794,'San Benito','t',68);
INSERT INTO "public"."city" ("city_id", "city_name", "enabled", "department_id") VALUES (795,'San Benito Abad','t',70);
INSERT INTO "public"."city" ("city_id", "city_name", "enabled", "department_id") VALUES (796,'San Bernardo','t',25);
INSERT INTO "public"."city" ("city_id", "city_name", "enabled", "department_id") VALUES (797,'San Bernardo','t',52);
INSERT INTO "public"."city" ("city_id", "city_name", "enabled", "department_id") VALUES (798,'San Bernardo del Viento','t',23);
INSERT INTO "public"."city" ("city_id", "city_name", "enabled", "department_id") VALUES (799,'San Calixto','t',54);
INSERT INTO "public"."city" ("city_id", "city_name", "enabled", "department_id") VALUES (800,'San Carlos','t',5);
INSERT INTO "public"."city" ("city_id", "city_name", "enabled", "department_id") VALUES (801,'San Carlos','t',23);
INSERT INTO "public"."city" ("city_id", "city_name", "enabled", "department_id") VALUES (802,'San Carlos de Guaroa','t',50);
INSERT INTO "public"."city" ("city_id", "city_name", "enabled", "department_id") VALUES (803,'San Cayetano','t',25);
INSERT INTO "public"."city" ("city_id", "city_name", "enabled", "department_id") VALUES (804,'San Cayetano','t',54);
INSERT INTO "public"."city" ("city_id", "city_name", "enabled", "department_id") VALUES (805,'San Cristobal','t',13);
INSERT INTO "public"."city" ("city_id", "city_name", "enabled", "department_id") VALUES (806,'San Diego','t',20);
INSERT INTO "public"."city" ("city_id", "city_name", "enabled", "department_id") VALUES (807,'San Eduardo','t',15);
INSERT INTO "public"."city" ("city_id", "city_name", "enabled", "department_id") VALUES (808,'San Estanislao','t',13);
INSERT INTO "public"."city" ("city_id", "city_name", "enabled", "department_id") VALUES (809,'San Fernando','t',13);
INSERT INTO "public"."city" ("city_id", "city_name", "enabled", "department_id") VALUES (810,'San Francisco','t',5);
INSERT INTO "public"."city" ("city_id", "city_name", "enabled", "department_id") VALUES (811,'San Francisco','t',25);
INSERT INTO "public"."city" ("city_id", "city_name", "enabled", "department_id") VALUES (812,'San Francisco','t',86);
INSERT INTO "public"."city" ("city_id", "city_name", "enabled", "department_id") VALUES (813,'San Gíl','t',68);
INSERT INTO "public"."city" ("city_id", "city_name", "enabled", "department_id") VALUES (814,'San Jacinto','t',13);
INSERT INTO "public"."city" ("city_id", "city_name", "enabled", "department_id") VALUES (815,'San Jacinto del Cauca','t',13);
INSERT INTO "public"."city" ("city_id", "city_name", "enabled", "department_id") VALUES (816,'San Jerónimo','t',5);
INSERT INTO "public"."city" ("city_id", "city_name", "enabled", "department_id") VALUES (817,'San Joaquín','t',68);
INSERT INTO "public"."city" ("city_id", "city_name", "enabled", "department_id") VALUES (818,'San José','t',17);
INSERT INTO "public"."city" ("city_id", "city_name", "enabled", "department_id") VALUES (819,'San José de Miranda','t',68);
INSERT INTO "public"."city" ("city_id", "city_name", "enabled", "department_id") VALUES (820,'San José de Montaña','t',5);
INSERT INTO "public"."city" ("city_id", "city_name", "enabled", "department_id") VALUES (821,'San José de Pare','t',15);
INSERT INTO "public"."city" ("city_id", "city_name", "enabled", "department_id") VALUES (822,'San José de Uré','t',23);
INSERT INTO "public"."city" ("city_id", "city_name", "enabled", "department_id") VALUES (823,'San José del Fragua','t',18);
INSERT INTO "public"."city" ("city_id", "city_name", "enabled", "department_id") VALUES (824,'San José del Guaviare','t',95);
INSERT INTO "public"."city" ("city_id", "city_name", "enabled", "department_id") VALUES (825,'San José del Palmar','t',27);
INSERT INTO "public"."city" ("city_id", "city_name", "enabled", "department_id") VALUES (826,'San Juan de Arama','t',50);
INSERT INTO "public"."city" ("city_id", "city_name", "enabled", "department_id") VALUES (827,'San Juan de Betulia','t',70);
INSERT INTO "public"."city" ("city_id", "city_name", "enabled", "department_id") VALUES (828,'San Juan de Nepomuceno','t',13);
INSERT INTO "public"."city" ("city_id", "city_name", "enabled", "department_id") VALUES (829,'San Juan de Pasto','t',52);
INSERT INTO "public"."city" ("city_id", "city_name", "enabled", "department_id") VALUES (830,'San Juan de Río Seco','t',25);
INSERT INTO "public"."city" ("city_id", "city_name", "enabled", "department_id") VALUES (831,'San Juan de Urabá','t',5);
INSERT INTO "public"."city" ("city_id", "city_name", "enabled", "department_id") VALUES (832,'San Juan del Cesar','t',44);
INSERT INTO "public"."city" ("city_id", "city_name", "enabled", "department_id") VALUES (833,'San Juanito','t',50);
INSERT INTO "public"."city" ("city_id", "city_name", "enabled", "department_id") VALUES (834,'San Lorenzo','t',52);
INSERT INTO "public"."city" ("city_id", "city_name", "enabled", "department_id") VALUES (835,'San Luis','t',73);
INSERT INTO "public"."city" ("city_id", "city_name", "enabled", "department_id") VALUES (836,'San Luís','t',5);
INSERT INTO "public"."city" ("city_id", "city_name", "enabled", "department_id") VALUES (837,'San Luís de Gaceno','t',15);
INSERT INTO "public"."city" ("city_id", "city_name", "enabled", "department_id") VALUES (838,'San Luís de Palenque','t',85);
INSERT INTO "public"."city" ("city_id", "city_name", "enabled", "department_id") VALUES (839,'San Marcos','t',70);
INSERT INTO "public"."city" ("city_id", "city_name", "enabled", "department_id") VALUES (840,'San Martín','t',20);
INSERT INTO "public"."city" ("city_id", "city_name", "enabled", "department_id") VALUES (841,'San Martín','t',50);
INSERT INTO "public"."city" ("city_id", "city_name", "enabled", "department_id") VALUES (842,'San Martín de Loba','t',13);
INSERT INTO "public"."city" ("city_id", "city_name", "enabled", "department_id") VALUES (843,'San Mateo','t',15);
INSERT INTO "public"."city" ("city_id", "city_name", "enabled", "department_id") VALUES (844,'San Miguel','t',68);
INSERT INTO "public"."city" ("city_id", "city_name", "enabled", "department_id") VALUES (845,'San Miguel','t',86);
INSERT INTO "public"."city" ("city_id", "city_name", "enabled", "department_id") VALUES (846,'San Miguel de Sema','t',15);
INSERT INTO "public"."city" ("city_id", "city_name", "enabled", "department_id") VALUES (847,'San Onofre','t',70);
INSERT INTO "public"."city" ("city_id", "city_name", "enabled", "department_id") VALUES (848,'San Pablo','t',13);
INSERT INTO "public"."city" ("city_id", "city_name", "enabled", "department_id") VALUES (849,'San Pablo','t',52);
INSERT INTO "public"."city" ("city_id", "city_name", "enabled", "department_id") VALUES (850,'San Pablo de Borbur','t',15);
INSERT INTO "public"."city" ("city_id", "city_name", "enabled", "department_id") VALUES (851,'San Pedro','t',5);
INSERT INTO "public"."city" ("city_id", "city_name", "enabled", "department_id") VALUES (852,'San Pedro','t',70);
INSERT INTO "public"."city" ("city_id", "city_name", "enabled", "department_id") VALUES (853,'San Pedro','t',76);
INSERT INTO "public"."city" ("city_id", "city_name", "enabled", "department_id") VALUES (854,'San Pedro de Cartago','t',52);
INSERT INTO "public"."city" ("city_id", "city_name", "enabled", "department_id") VALUES (855,'San Pedro de Urabá','t',5);
INSERT INTO "public"."city" ("city_id", "city_name", "enabled", "department_id") VALUES (856,'San Pelayo','t',23);
INSERT INTO "public"."city" ("city_id", "city_name", "enabled", "department_id") VALUES (857,'San Rafael','t',5);
INSERT INTO "public"."city" ("city_id", "city_name", "enabled", "department_id") VALUES (858,'San Roque','t',5);
INSERT INTO "public"."city" ("city_id", "city_name", "enabled", "department_id") VALUES (859,'San Sebastián','t',19);
INSERT INTO "public"."city" ("city_id", "city_name", "enabled", "department_id") VALUES (860,'San Sebastián de Buenavista','t',47);
INSERT INTO "public"."city" ("city_id", "city_name", "enabled", "department_id") VALUES (861,'San Vicente','t',5);
INSERT INTO "public"."city" ("city_id", "city_name", "enabled", "department_id") VALUES (862,'San Vicente del Caguán','t',18);
INSERT INTO "public"."city" ("city_id", "city_name", "enabled", "department_id") VALUES (863,'San Vicente del Chucurí','t',68);
INSERT INTO "public"."city" ("city_id", "city_name", "enabled", "department_id") VALUES (864,'San Zenón','t',47);
INSERT INTO "public"."city" ("city_id", "city_name", "enabled", "department_id") VALUES (865,'Sandoná','t',52);
INSERT INTO "public"."city" ("city_id", "city_name", "enabled", "department_id") VALUES (866,'Santa Ana','t',47);
INSERT INTO "public"."city" ("city_id", "city_name", "enabled", "department_id") VALUES (867,'Santa Bárbara','t',5);
INSERT INTO "public"."city" ("city_id", "city_name", "enabled", "department_id") VALUES (868,'Santa Bárbara','t',68);
INSERT INTO "public"."city" ("city_id", "city_name", "enabled", "department_id") VALUES (869,'Santa Bárbara (Iscuandé)','t',52);
INSERT INTO "public"."city" ("city_id", "city_name", "enabled", "department_id") VALUES (870,'Santa Bárbara de Pinto','t',47);
INSERT INTO "public"."city" ("city_id", "city_name", "enabled", "department_id") VALUES (871,'Santa Catalina','t',13);
INSERT INTO "public"."city" ("city_id", "city_name", "enabled", "department_id") VALUES (872,'Santa Fé de Antioquia','t',5);
INSERT INTO "public"."city" ("city_id", "city_name", "enabled", "department_id") VALUES (873,'Santa Genoveva de Docorodó','t',27);
INSERT INTO "public"."city" ("city_id", "city_name", "enabled", "department_id") VALUES (874,'Santa Helena del Opón','t',68);
INSERT INTO "public"."city" ("city_id", "city_name", "enabled", "department_id") VALUES (875,'Santa Isabel','t',73);
INSERT INTO "public"."city" ("city_id", "city_name", "enabled", "department_id") VALUES (876,'Santa Lucía','t',8);
INSERT INTO "public"."city" ("city_id", "city_name", "enabled", "department_id") VALUES (877,'Santa Marta','t',47);
INSERT INTO "public"."city" ("city_id", "city_name", "enabled", "department_id") VALUES (878,'Santa María','t',15);
INSERT INTO "public"."city" ("city_id", "city_name", "enabled", "department_id") VALUES (879,'Santa María','t',41);
INSERT INTO "public"."city" ("city_id", "city_name", "enabled", "department_id") VALUES (880,'Santa Rosa','t',13);
INSERT INTO "public"."city" ("city_id", "city_name", "enabled", "department_id") VALUES (881,'Santa Rosa','t',19);
INSERT INTO "public"."city" ("city_id", "city_name", "enabled", "department_id") VALUES (882,'Santa Rosa de Cabal','t',66);
INSERT INTO "public"."city" ("city_id", "city_name", "enabled", "department_id") VALUES (883,'Santa Rosa de Osos','t',5);
INSERT INTO "public"."city" ("city_id", "city_name", "enabled", "department_id") VALUES (884,'Santa Rosa de Viterbo','t',15);
INSERT INTO "public"."city" ("city_id", "city_name", "enabled", "department_id") VALUES (885,'Santa Rosa del Sur','t',13);
INSERT INTO "public"."city" ("city_id", "city_name", "enabled", "department_id") VALUES (886,'Santa Rosalía','t',99);
INSERT INTO "public"."city" ("city_id", "city_name", "enabled", "department_id") VALUES (887,'Santa Sofía','t',15);
INSERT INTO "public"."city" ("city_id", "city_name", "enabled", "department_id") VALUES (888,'Santana','t',15);
INSERT INTO "public"."city" ("city_id", "city_name", "enabled", "department_id") VALUES (889,'Santander de Quilichao','t',19);
INSERT INTO "public"."city" ("city_id", "city_name", "enabled", "department_id") VALUES (890,'Santiago','t',54);
INSERT INTO "public"."city" ("city_id", "city_name", "enabled", "department_id") VALUES (891,'Santiago','t',86);
INSERT INTO "public"."city" ("city_id", "city_name", "enabled", "department_id") VALUES (892,'Santo Domingo','t',5);
INSERT INTO "public"."city" ("city_id", "city_name", "enabled", "department_id") VALUES (893,'Santo Tomás','t',8);
INSERT INTO "public"."city" ("city_id", "city_name", "enabled", "department_id") VALUES (894,'Santuario','t',5);
INSERT INTO "public"."city" ("city_id", "city_name", "enabled", "department_id") VALUES (895,'Santuario','t',66);
INSERT INTO "public"."city" ("city_id", "city_name", "enabled", "department_id") VALUES (896,'Sapuyes','t',52);
INSERT INTO "public"."city" ("city_id", "city_name", "enabled", "department_id") VALUES (897,'Saravena','t',81);
INSERT INTO "public"."city" ("city_id", "city_name", "enabled", "department_id") VALUES (898,'Sardinata','t',54);
INSERT INTO "public"."city" ("city_id", "city_name", "enabled", "department_id") VALUES (899,'Sasaima','t',25);
INSERT INTO "public"."city" ("city_id", "city_name", "enabled", "department_id") VALUES (900,'Sativanorte','t',15);
INSERT INTO "public"."city" ("city_id", "city_name", "enabled", "department_id") VALUES (901,'Sativasur','t',15);
INSERT INTO "public"."city" ("city_id", "city_name", "enabled", "department_id") VALUES (902,'Segovia','t',5);
INSERT INTO "public"."city" ("city_id", "city_name", "enabled", "department_id") VALUES (903,'Sesquilé','t',25);
INSERT INTO "public"."city" ("city_id", "city_name", "enabled", "department_id") VALUES (904,'Sevilla','t',76);
INSERT INTO "public"."city" ("city_id", "city_name", "enabled", "department_id") VALUES (905,'Siachoque','t',15);
INSERT INTO "public"."city" ("city_id", "city_name", "enabled", "department_id") VALUES (906,'Sibaté','t',25);
INSERT INTO "public"."city" ("city_id", "city_name", "enabled", "department_id") VALUES (907,'Sibundoy','t',86);
INSERT INTO "public"."city" ("city_id", "city_name", "enabled", "department_id") VALUES (908,'Silos','t',54);
INSERT INTO "public"."city" ("city_id", "city_name", "enabled", "department_id") VALUES (909,'Silvania','t',25);
INSERT INTO "public"."city" ("city_id", "city_name", "enabled", "department_id") VALUES (910,'Silvia','t',19);
INSERT INTO "public"."city" ("city_id", "city_name", "enabled", "department_id") VALUES (911,'Simacota','t',68);
INSERT INTO "public"."city" ("city_id", "city_name", "enabled", "department_id") VALUES (912,'Simijaca','t',25);
INSERT INTO "public"."city" ("city_id", "city_name", "enabled", "department_id") VALUES (913,'Simití','t',13);
INSERT INTO "public"."city" ("city_id", "city_name", "enabled", "department_id") VALUES (914,'Sincelejo','t',70);
INSERT INTO "public"."city" ("city_id", "city_name", "enabled", "department_id") VALUES (915,'Sincé','t',70);
INSERT INTO "public"."city" ("city_id", "city_name", "enabled", "department_id") VALUES (916,'Sipí','t',27);
INSERT INTO "public"."city" ("city_id", "city_name", "enabled", "department_id") VALUES (917,'Sitionuevo','t',47);
INSERT INTO "public"."city" ("city_id", "city_name", "enabled", "department_id") VALUES (918,'Soacha','t',25);
INSERT INTO "public"."city" ("city_id", "city_name", "enabled", "department_id") VALUES (919,'Soatá','t',15);
INSERT INTO "public"."city" ("city_id", "city_name", "enabled", "department_id") VALUES (920,'Socha','t',15);
INSERT INTO "public"."city" ("city_id", "city_name", "enabled", "department_id") VALUES (921,'Socorro','t',68);
INSERT INTO "public"."city" ("city_id", "city_name", "enabled", "department_id") VALUES (922,'Socotá','t',15);
INSERT INTO "public"."city" ("city_id", "city_name", "enabled", "department_id") VALUES (923,'Sogamoso','t',15);
INSERT INTO "public"."city" ("city_id", "city_name", "enabled", "department_id") VALUES (924,'Solano','t',18);
INSERT INTO "public"."city" ("city_id", "city_name", "enabled", "department_id") VALUES (925,'Soledad','t',8);
INSERT INTO "public"."city" ("city_id", "city_name", "enabled", "department_id") VALUES (926,'Solita','t',18);
INSERT INTO "public"."city" ("city_id", "city_name", "enabled", "department_id") VALUES (927,'Somondoco','t',15);
INSERT INTO "public"."city" ("city_id", "city_name", "enabled", "department_id") VALUES (928,'Sonsón','t',5);
INSERT INTO "public"."city" ("city_id", "city_name", "enabled", "department_id") VALUES (929,'Sopetrán','t',5);
INSERT INTO "public"."city" ("city_id", "city_name", "enabled", "department_id") VALUES (930,'Soplaviento','t',13);
INSERT INTO "public"."city" ("city_id", "city_name", "enabled", "department_id") VALUES (931,'Sopó','t',25);
INSERT INTO "public"."city" ("city_id", "city_name", "enabled", "department_id") VALUES (932,'Sora','t',15);
INSERT INTO "public"."city" ("city_id", "city_name", "enabled", "department_id") VALUES (933,'Soracá','t',15);
INSERT INTO "public"."city" ("city_id", "city_name", "enabled", "department_id") VALUES (934,'Sotaquirá','t',15);
INSERT INTO "public"."city" ("city_id", "city_name", "enabled", "department_id") VALUES (935,'Sotara (Paispamba)','t',19);
INSERT INTO "public"."city" ("city_id", "city_name", "enabled", "department_id") VALUES (936,'Sotomayor (Los Andes)','t',52);
INSERT INTO "public"."city" ("city_id", "city_name", "enabled", "department_id") VALUES (937,'Suaita','t',68);
INSERT INTO "public"."city" ("city_id", "city_name", "enabled", "department_id") VALUES (938,'Suan','t',8);
INSERT INTO "public"."city" ("city_id", "city_name", "enabled", "department_id") VALUES (939,'Suaza','t',41);
INSERT INTO "public"."city" ("city_id", "city_name", "enabled", "department_id") VALUES (940,'Subachoque','t',25);
INSERT INTO "public"."city" ("city_id", "city_name", "enabled", "department_id") VALUES (941,'Sucre','t',19);
INSERT INTO "public"."city" ("city_id", "city_name", "enabled", "department_id") VALUES (942,'Sucre','t',68);
INSERT INTO "public"."city" ("city_id", "city_name", "enabled", "department_id") VALUES (943,'Sucre','t',70);
INSERT INTO "public"."city" ("city_id", "city_name", "enabled", "department_id") VALUES (944,'Suesca','t',25);
INSERT INTO "public"."city" ("city_id", "city_name", "enabled", "department_id") VALUES (945,'Supatá','t',25);
INSERT INTO "public"."city" ("city_id", "city_name", "enabled", "department_id") VALUES (946,'Supía','t',17);
INSERT INTO "public"."city" ("city_id", "city_name", "enabled", "department_id") VALUES (947,'Suratá','t',68);
INSERT INTO "public"."city" ("city_id", "city_name", "enabled", "department_id") VALUES (948,'Susa','t',25);
INSERT INTO "public"."city" ("city_id", "city_name", "enabled", "department_id") VALUES (949,'Susacón','t',15);
INSERT INTO "public"."city" ("city_id", "city_name", "enabled", "department_id") VALUES (950,'Sutamarchán','t',15);
INSERT INTO "public"."city" ("city_id", "city_name", "enabled", "department_id") VALUES (951,'Sutatausa','t',25);
INSERT INTO "public"."city" ("city_id", "city_name", "enabled", "department_id") VALUES (952,'Sutatenza','t',15);
INSERT INTO "public"."city" ("city_id", "city_name", "enabled", "department_id") VALUES (953,'Suárez','t',19);
INSERT INTO "public"."city" ("city_id", "city_name", "enabled", "department_id") VALUES (954,'Suárez','t',73);
INSERT INTO "public"."city" ("city_id", "city_name", "enabled", "department_id") VALUES (955,'Sácama','t',85);
INSERT INTO "public"."city" ("city_id", "city_name", "enabled", "department_id") VALUES (956,'Sáchica','t',15);
INSERT INTO "public"."city" ("city_id", "city_name", "enabled", "department_id") VALUES (957,'Tabio','t',25);
INSERT INTO "public"."city" ("city_id", "city_name", "enabled", "department_id") VALUES (958,'Tadó','t',27);
INSERT INTO "public"."city" ("city_id", "city_name", "enabled", "department_id") VALUES (959,'Talaigua Nuevo','t',13);
INSERT INTO "public"."city" ("city_id", "city_name", "enabled", "department_id") VALUES (960,'Tamalameque','t',20);
INSERT INTO "public"."city" ("city_id", "city_name", "enabled", "department_id") VALUES (961,'Tame','t',81);
INSERT INTO "public"."city" ("city_id", "city_name", "enabled", "department_id") VALUES (962,'Taminango','t',52);
INSERT INTO "public"."city" ("city_id", "city_name", "enabled", "department_id") VALUES (963,'Tangua','t',52);
INSERT INTO "public"."city" ("city_id", "city_name", "enabled", "department_id") VALUES (964,'Taraira','t',97);
INSERT INTO "public"."city" ("city_id", "city_name", "enabled", "department_id") VALUES (965,'Tarazá','t',5);
INSERT INTO "public"."city" ("city_id", "city_name", "enabled", "department_id") VALUES (966,'Tarqui','t',41);
INSERT INTO "public"."city" ("city_id", "city_name", "enabled", "department_id") VALUES (967,'Tarso','t',5);
INSERT INTO "public"."city" ("city_id", "city_name", "enabled", "department_id") VALUES (968,'Tasco','t',15);
INSERT INTO "public"."city" ("city_id", "city_name", "enabled", "department_id") VALUES (969,'Tauramena','t',85);
INSERT INTO "public"."city" ("city_id", "city_name", "enabled", "department_id") VALUES (970,'Tausa','t',25);
INSERT INTO "public"."city" ("city_id", "city_name", "enabled", "department_id") VALUES (971,'Tello','t',41);
INSERT INTO "public"."city" ("city_id", "city_name", "enabled", "department_id") VALUES (972,'Tena','t',25);
INSERT INTO "public"."city" ("city_id", "city_name", "enabled", "department_id") VALUES (973,'Tenerife','t',47);
INSERT INTO "public"."city" ("city_id", "city_name", "enabled", "department_id") VALUES (974,'Tenjo','t',25);
INSERT INTO "public"."city" ("city_id", "city_name", "enabled", "department_id") VALUES (975,'Tenza','t',15);
INSERT INTO "public"."city" ("city_id", "city_name", "enabled", "department_id") VALUES (976,'Teorama','t',54);
INSERT INTO "public"."city" ("city_id", "city_name", "enabled", "department_id") VALUES (977,'Teruel','t',41);
INSERT INTO "public"."city" ("city_id", "city_name", "enabled", "department_id") VALUES (978,'Tesalia','t',41);
INSERT INTO "public"."city" ("city_id", "city_name", "enabled", "department_id") VALUES (979,'Tibacuy','t',25);
INSERT INTO "public"."city" ("city_id", "city_name", "enabled", "department_id") VALUES (980,'Tibaná','t',15);
INSERT INTO "public"."city" ("city_id", "city_name", "enabled", "department_id") VALUES (981,'Tibasosa','t',15);
INSERT INTO "public"."city" ("city_id", "city_name", "enabled", "department_id") VALUES (982,'Tibirita','t',25);
INSERT INTO "public"."city" ("city_id", "city_name", "enabled", "department_id") VALUES (983,'Tibú','t',54);
INSERT INTO "public"."city" ("city_id", "city_name", "enabled", "department_id") VALUES (984,'Tierralta','t',23);
INSERT INTO "public"."city" ("city_id", "city_name", "enabled", "department_id") VALUES (985,'Timaná','t',41);
INSERT INTO "public"."city" ("city_id", "city_name", "enabled", "department_id") VALUES (986,'Timbiquí','t',19);
INSERT INTO "public"."city" ("city_id", "city_name", "enabled", "department_id") VALUES (987,'Timbío','t',19);
INSERT INTO "public"."city" ("city_id", "city_name", "enabled", "department_id") VALUES (988,'Tinjacá','t',15);
INSERT INTO "public"."city" ("city_id", "city_name", "enabled", "department_id") VALUES (989,'Tipacoque','t',15);
INSERT INTO "public"."city" ("city_id", "city_name", "enabled", "department_id") VALUES (990,'Tiquisio (Puerto Rico)','t',13);
INSERT INTO "public"."city" ("city_id", "city_name", "enabled", "department_id") VALUES (991,'Titiribí','t',5);
INSERT INTO "public"."city" ("city_id", "city_name", "enabled", "department_id") VALUES (992,'Toca','t',15);
INSERT INTO "public"."city" ("city_id", "city_name", "enabled", "department_id") VALUES (993,'Tocaima','t',25);
INSERT INTO "public"."city" ("city_id", "city_name", "enabled", "department_id") VALUES (994,'Tocancipá','t',25);
INSERT INTO "public"."city" ("city_id", "city_name", "enabled", "department_id") VALUES (995,'Toguí','t',15);
INSERT INTO "public"."city" ("city_id", "city_name", "enabled", "department_id") VALUES (996,'Toledo','t',5);
INSERT INTO "public"."city" ("city_id", "city_name", "enabled", "department_id") VALUES (997,'Toledo','t',54);
INSERT INTO "public"."city" ("city_id", "city_name", "enabled", "department_id") VALUES (998,'Tolú','t',70);
INSERT INTO "public"."city" ("city_id", "city_name", "enabled", "department_id") VALUES (999,'Tolú Viejo','t',70);
INSERT INTO "public"."city" ("city_id", "city_name", "enabled", "department_id") VALUES (1000,'Tona','t',68);
INSERT INTO "public"."city" ("city_id", "city_name", "enabled", "department_id") VALUES (1001,'Topagá','t',15);
INSERT INTO "public"."city" ("city_id", "city_name", "enabled", "department_id") VALUES (1002,'Topaipí','t',25);
INSERT INTO "public"."city" ("city_id", "city_name", "enabled", "department_id") VALUES (1003,'Toribío','t',19);
INSERT INTO "public"."city" ("city_id", "city_name", "enabled", "department_id") VALUES (1004,'Toro','t',76);
INSERT INTO "public"."city" ("city_id", "city_name", "enabled", "department_id") VALUES (1005,'Tota','t',15);
INSERT INTO "public"."city" ("city_id", "city_name", "enabled", "department_id") VALUES (1006,'Totoró','t',19);
INSERT INTO "public"."city" ("city_id", "city_name", "enabled", "department_id") VALUES (1007,'Trinidad','t',85);
INSERT INTO "public"."city" ("city_id", "city_name", "enabled", "department_id") VALUES (1008,'Trujillo','t',76);
INSERT INTO "public"."city" ("city_id", "city_name", "enabled", "department_id") VALUES (1009,'Tubará','t',8);
INSERT INTO "public"."city" ("city_id", "city_name", "enabled", "department_id") VALUES (1010,'Tuchín','t',23);
INSERT INTO "public"."city" ("city_id", "city_name", "enabled", "department_id") VALUES (1011,'Tulúa','t',76);
INSERT INTO "public"."city" ("city_id", "city_name", "enabled", "department_id") VALUES (1012,'Tumaco','t',52);
INSERT INTO "public"."city" ("city_id", "city_name", "enabled", "department_id") VALUES (1013,'Tunja','t',15);
INSERT INTO "public"."city" ("city_id", "city_name", "enabled", "department_id") VALUES (1014,'Tunungua','t',15);
INSERT INTO "public"."city" ("city_id", "city_name", "enabled", "department_id") VALUES (1015,'Turbaco','t',13);
INSERT INTO "public"."city" ("city_id", "city_name", "enabled", "department_id") VALUES (1016,'Turbaná','t',13);
INSERT INTO "public"."city" ("city_id", "city_name", "enabled", "department_id") VALUES (1017,'Turbo','t',5);
INSERT INTO "public"."city" ("city_id", "city_name", "enabled", "department_id") VALUES (1018,'Turmequé','t',15);
INSERT INTO "public"."city" ("city_id", "city_name", "enabled", "department_id") VALUES (1019,'Tuta','t',15);
INSERT INTO "public"."city" ("city_id", "city_name", "enabled", "department_id") VALUES (1020,'Tutasá','t',15);
INSERT INTO "public"."city" ("city_id", "city_name", "enabled", "department_id") VALUES (1021,'Támara','t',85);
INSERT INTO "public"."city" ("city_id", "city_name", "enabled", "department_id") VALUES (1022,'Támesis','t',5);
INSERT INTO "public"."city" ("city_id", "city_name", "enabled", "department_id") VALUES (1023,'Túquerres','t',52);
INSERT INTO "public"."city" ("city_id", "city_name", "enabled", "department_id") VALUES (1024,'Ubalá','t',25);
INSERT INTO "public"."city" ("city_id", "city_name", "enabled", "department_id") VALUES (1025,'Ubaque','t',25);
INSERT INTO "public"."city" ("city_id", "city_name", "enabled", "department_id") VALUES (1026,'Ubaté','t',25);
INSERT INTO "public"."city" ("city_id", "city_name", "enabled", "department_id") VALUES (1027,'Ulloa','t',76);
INSERT INTO "public"."city" ("city_id", "city_name", "enabled", "department_id") VALUES (1028,'Une','t',25);
INSERT INTO "public"."city" ("city_id", "city_name", "enabled", "department_id") VALUES (1029,'Unguía','t',27);
INSERT INTO "public"."city" ("city_id", "city_name", "enabled", "department_id") VALUES (1030,'Unión Panamericana (ÁNIMAS)','t',27);
INSERT INTO "public"."city" ("city_id", "city_name", "enabled", "department_id") VALUES (1031,'Uramita','t',5);
INSERT INTO "public"."city" ("city_id", "city_name", "enabled", "department_id") VALUES (1032,'Uribe','t',50);
INSERT INTO "public"."city" ("city_id", "city_name", "enabled", "department_id") VALUES (1033,'Uribia','t',44);
INSERT INTO "public"."city" ("city_id", "city_name", "enabled", "department_id") VALUES (1034,'Urrao','t',5);
INSERT INTO "public"."city" ("city_id", "city_name", "enabled", "department_id") VALUES (1035,'Urumita','t',44);
INSERT INTO "public"."city" ("city_id", "city_name", "enabled", "department_id") VALUES (1036,'Usiacuri','t',8);
INSERT INTO "public"."city" ("city_id", "city_name", "enabled", "department_id") VALUES (1037,'Valdivia','t',5);
INSERT INTO "public"."city" ("city_id", "city_name", "enabled", "department_id") VALUES (1038,'Valencia','t',23);
INSERT INTO "public"."city" ("city_id", "city_name", "enabled", "department_id") VALUES (1039,'Valle de San José','t',68);
INSERT INTO "public"."city" ("city_id", "city_name", "enabled", "department_id") VALUES (1040,'Valle de San Juan','t',73);
INSERT INTO "public"."city" ("city_id", "city_name", "enabled", "department_id") VALUES (1041,'Valle del Guamuez','t',86);
INSERT INTO "public"."city" ("city_id", "city_name", "enabled", "department_id") VALUES (1042,'Valledupar','t',20);
INSERT INTO "public"."city" ("city_id", "city_name", "enabled", "department_id") VALUES (1043,'Valparaiso','t',5);
INSERT INTO "public"."city" ("city_id", "city_name", "enabled", "department_id") VALUES (1044,'Valparaiso','t',18);
INSERT INTO "public"."city" ("city_id", "city_name", "enabled", "department_id") VALUES (1045,'Vegachí','t',5);
INSERT INTO "public"."city" ("city_id", "city_name", "enabled", "department_id") VALUES (1046,'Venadillo','t',73);
INSERT INTO "public"."city" ("city_id", "city_name", "enabled", "department_id") VALUES (1047,'Venecia','t',5);
INSERT INTO "public"."city" ("city_id", "city_name", "enabled", "department_id") VALUES (1048,'Venecia (Ospina Pérez)','t',25);
INSERT INTO "public"."city" ("city_id", "city_name", "enabled", "department_id") VALUES (1049,'Ventaquemada','t',15);
INSERT INTO "public"."city" ("city_id", "city_name", "enabled", "department_id") VALUES (1050,'Vergara','t',25);
INSERT INTO "public"."city" ("city_id", "city_name", "enabled", "department_id") VALUES (1051,'Versalles','t',76);
INSERT INTO "public"."city" ("city_id", "city_name", "enabled", "department_id") VALUES (1052,'Vetas','t',68);
INSERT INTO "public"."city" ("city_id", "city_name", "enabled", "department_id") VALUES (1053,'Viani','t',25);
INSERT INTO "public"."city" ("city_id", "city_name", "enabled", "department_id") VALUES (1054,'Vigía del Fuerte','t',5);
INSERT INTO "public"."city" ("city_id", "city_name", "enabled", "department_id") VALUES (1055,'Vijes','t',76);
INSERT INTO "public"."city" ("city_id", "city_name", "enabled", "department_id") VALUES (1056,'Villa Caro','t',54);
INSERT INTO "public"."city" ("city_id", "city_name", "enabled", "department_id") VALUES (1057,'Villa Rica','t',19);
INSERT INTO "public"."city" ("city_id", "city_name", "enabled", "department_id") VALUES (1058,'Villa de Leiva','t',15);
INSERT INTO "public"."city" ("city_id", "city_name", "enabled", "department_id") VALUES (1059,'Villa del Rosario','t',54);
INSERT INTO "public"."city" ("city_id", "city_name", "enabled", "department_id") VALUES (1060,'Villagarzón','t',86);
INSERT INTO "public"."city" ("city_id", "city_name", "enabled", "department_id") VALUES (1061,'Villagómez','t',25);
INSERT INTO "public"."city" ("city_id", "city_name", "enabled", "department_id") VALUES (1062,'Villahermosa','t',73);
INSERT INTO "public"."city" ("city_id", "city_name", "enabled", "department_id") VALUES (1063,'Villamaría','t',17);
INSERT INTO "public"."city" ("city_id", "city_name", "enabled", "department_id") VALUES (1064,'Villanueva','t',13);
INSERT INTO "public"."city" ("city_id", "city_name", "enabled", "department_id") VALUES (1065,'Villanueva','t',44);
INSERT INTO "public"."city" ("city_id", "city_name", "enabled", "department_id") VALUES (1066,'Villanueva','t',68);
INSERT INTO "public"."city" ("city_id", "city_name", "enabled", "department_id") VALUES (1067,'Villanueva','t',85);
INSERT INTO "public"."city" ("city_id", "city_name", "enabled", "department_id") VALUES (1068,'Villapinzón','t',25);
INSERT INTO "public"."city" ("city_id", "city_name", "enabled", "department_id") VALUES (1069,'Villarrica','t',73);
INSERT INTO "public"."city" ("city_id", "city_name", "enabled", "department_id") VALUES (1070,'Villavicencio','t',50);
INSERT INTO "public"."city" ("city_id", "city_name", "enabled", "department_id") VALUES (1071,'Villavieja','t',41);
INSERT INTO "public"."city" ("city_id", "city_name", "enabled", "department_id") VALUES (1072,'Villeta','t',25);
INSERT INTO "public"."city" ("city_id", "city_name", "enabled", "department_id") VALUES (1073,'Viotá','t',25);
INSERT INTO "public"."city" ("city_id", "city_name", "enabled", "department_id") VALUES (1074,'Viracachá','t',15);
INSERT INTO "public"."city" ("city_id", "city_name", "enabled", "department_id") VALUES (1075,'Vista Hermosa','t',50);
INSERT INTO "public"."city" ("city_id", "city_name", "enabled", "department_id") VALUES (1076,'Viterbo','t',17);
INSERT INTO "public"."city" ("city_id", "city_name", "enabled", "department_id") VALUES (1077,'Vélez','t',68);
INSERT INTO "public"."city" ("city_id", "city_name", "enabled", "department_id") VALUES (1078,'Yacopí','t',25);
INSERT INTO "public"."city" ("city_id", "city_name", "enabled", "department_id") VALUES (1079,'Yacuanquer','t',52);
INSERT INTO "public"."city" ("city_id", "city_name", "enabled", "department_id") VALUES (1080,'Yaguará','t',41);
INSERT INTO "public"."city" ("city_id", "city_name", "enabled", "department_id") VALUES (1081,'Yalí','t',5);
INSERT INTO "public"."city" ("city_id", "city_name", "enabled", "department_id") VALUES (1082,'Yarumal','t',5);
INSERT INTO "public"."city" ("city_id", "city_name", "enabled", "department_id") VALUES (1083,'Yolombó','t',5);
INSERT INTO "public"."city" ("city_id", "city_name", "enabled", "department_id") VALUES (1084,'Yondó (Casabe)','t',5);
INSERT INTO "public"."city" ("city_id", "city_name", "enabled", "department_id") VALUES (1085,'Yopal','t',85);
INSERT INTO "public"."city" ("city_id", "city_name", "enabled", "department_id") VALUES (1086,'Yotoco','t',76);
INSERT INTO "public"."city" ("city_id", "city_name", "enabled", "department_id") VALUES (1087,'Yumbo','t',76);
INSERT INTO "public"."city" ("city_id", "city_name", "enabled", "department_id") VALUES (1088,'Zambrano','t',13);
INSERT INTO "public"."city" ("city_id", "city_name", "enabled", "department_id") VALUES (1089,'Zapatoca','t',68);
INSERT INTO "public"."city" ("city_id", "city_name", "enabled", "department_id") VALUES (1090,'Zapayán (PUNTA DE PIEDRAS)','t',47);
INSERT INTO "public"."city" ("city_id", "city_name", "enabled", "department_id") VALUES (1091,'Zaragoza','t',5);
INSERT INTO "public"."city" ("city_id", "city_name", "enabled", "department_id") VALUES (1092,'Zarzal','t',76);
INSERT INTO "public"."city" ("city_id", "city_name", "enabled", "department_id") VALUES (1093,'Zetaquirá','t',15);
INSERT INTO "public"."city" ("city_id", "city_name", "enabled", "department_id") VALUES (1094,'Zipacón','t',25);
INSERT INTO "public"."city" ("city_id", "city_name", "enabled", "department_id") VALUES (1095,'Zipaquirá','t',25);
INSERT INTO "public"."city" ("city_id", "city_name", "enabled", "department_id") VALUES (1096,'Zona Bananera (PRADO - SEVILLA)','t',47);
INSERT INTO "public"."city" ("city_id", "city_name", "enabled", "department_id") VALUES (1097,'Ábrego','t',54);
INSERT INTO "public"."city" ("city_id", "city_name", "enabled", "department_id") VALUES (1098,'Íquira','t',41);
INSERT INTO "public"."city" ("city_id", "city_name", "enabled", "department_id") VALUES (1099,'Úmbita','t',15);
INSERT INTO "public"."city" ("city_id", "city_name", "enabled", "department_id") VALUES (1100,'Útica','t',25);

--INSERT INTO "public"."city" ("city_id", "city_name", "enabled", "department_id", "create_time", "update_time") VALUES (0, 'BOGOTA', 't', 5, '2018-03-09 23:03:26', '2018-03-10 00:15:27');
--INSERT INTO "public"."city" ("city_id", "city_name", "enabled", "department_id", "create_time", "update_time") VALUES (1, 'MEDELLIN', 't', 8, '2018-03-10 00:15:02', '2018-03-10 00:15:21');
--INSERT INTO "public"."city" ("city_id", "city_name", "enabled", "department_id", "create_time", "update_time") VALUES (2, 'CALI', 't', 11, '2018-03-10 01:01:09', '2018-03-10 01:01:09');
--INSERT INTO "public"."city" ("city_id", "city_name", "enabled", "department_id", "create_time", "update_time") VALUES (3, 'BARRANQUILLA', 'f', 13, '2018-03-10 00:26:05', '2018-03-10 00:26:05');

-- ----------------------------
-- Records of project_category
-- ----------------------------
INSERT INTO "public"."project_category" ("category_id", "category_name", "create_time", "update_time") VALUES (0, 'A - Construcción', '2020-08-05 08:03:26', '2020-08-05 08:03:26');
INSERT INTO "public"."project_category" ("category_id", "category_name", "create_time", "update_time") VALUES (1, 'B - Estudios y diseños', '2020-08-05 08:03:26', '2020-08-05 08:03:26');

-- ----------------------------
-- Records of project_segment
-- ----------------------------
INSERT INTO "public"."project_segment" ("segment_id", "segment_name", "category_id", "create_time", "update_time") VALUES (10, '10 - Preliminares', 0, '2020-08-07 10:40:26', '2020-08-07 10:40:26');
INSERT INTO "public"."project_segment" ("segment_id", "segment_name", "category_id", "create_time", "update_time") VALUES (11, '11 - Explanaciones', 0, '2020-08-07 10:40:26', '2020-08-07 10:40:26');
INSERT INTO "public"."project_segment" ("segment_id", "segment_name", "category_id", "create_time", "update_time") VALUES (12, '12 - Materiales granulares', 0, '2020-08-07 10:40:26', '2020-08-07 10:40:26');
INSERT INTO "public"."project_segment" ("segment_id", "segment_name", "category_id", "create_time", "update_time") VALUES (13, '13 - Pavimentos', 0, '2020-08-07 10:40:26', '2020-08-07 10:40:26');
INSERT INTO "public"."project_segment" ("segment_id", "segment_name", "category_id", "create_time", "update_time") VALUES (14, '14 - Elementos estructurales', 0, '2020-08-07 10:40:26', '2020-08-07 10:40:26');
INSERT INTO "public"."project_segment" ("segment_id", "segment_name", "category_id", "create_time", "update_time") VALUES (15, '15 - Elementos no estructurales', 0, '2020-08-07 10:40:26', '2020-08-07 10:40:26');
INSERT INTO "public"."project_segment" ("segment_id", "segment_name", "category_id", "create_time", "update_time") VALUES (16, '16 - Señalización y seguridad', 0, '2020-08-07 10:40:26', '2020-08-07 10:40:26');
INSERT INTO "public"."project_segment" ("segment_id", "segment_name", "category_id", "create_time", "update_time") VALUES (17, '17 - Taludes', 0, '2020-08-07 10:40:26', '2020-08-07 10:40:26');
INSERT INTO "public"."project_segment" ("segment_id", "segment_name", "category_id", "create_time", "update_time") VALUES (18, '18 - Obras ambientales', 0, '2020-08-07 10:40:26', '2020-08-07 10:40:26');
INSERT INTO "public"."project_segment" ("segment_id", "segment_name", "category_id", "create_time", "update_time") VALUES (19, '19 - Transportes', 0, '2020-08-07 10:40:26', '2020-08-07 10:40:26');
INSERT INTO "public"."project_segment" ("segment_id", "segment_name", "category_id", "create_time", "update_time") VALUES (20, '20 - Gestiones y asesorías', 0, '2020-08-07 10:40:26', '2020-08-07 10:40:26');
INSERT INTO "public"."project_segment" ("segment_id", "segment_name", "category_id", "create_time", "update_time") VALUES (21, '21 - Otras gestiones y asesorías', 0, '2020-08-07 10:40:26', '2020-08-07 10:40:26');
INSERT INTO "public"."project_segment" ("segment_id", "segment_name", "category_id", "create_time", "update_time") VALUES (22, '22 - Calidad', 0, '2020-08-07 10:40:26', '2020-08-07 10:40:26');
INSERT INTO "public"."project_segment" ("segment_id", "segment_name", "category_id", "create_time", "update_time") VALUES (23, '23 - Otros', 0, '2020-08-07 10:40:26', '2020-08-07 10:40:26');

INSERT INTO "public"."project_segment" ("segment_id", "segment_name", "category_id", "create_time", "update_time") VALUES (50, '50 - Carreteras', 1, '2020-08-07 10:40:26', '2020-08-07 10:40:26');
INSERT INTO "public"."project_segment" ("segment_id", "segment_name", "category_id", "create_time", "update_time") VALUES (51, '51 - Vías Urbanas', 1, '2020-08-07 10:40:26', '2020-08-07 10:40:26');
INSERT INTO "public"."project_segment" ("segment_id", "segment_name", "category_id", "create_time", "update_time") VALUES (52, '52 - Coordinación y dirección', 1, '2020-08-07 10:40:26', '2020-08-07 10:40:26');
INSERT INTO "public"."project_segment" ("segment_id", "segment_name", "category_id", "create_time", "update_time") VALUES (53, '53 - Actividades de campo', 1, '2020-08-07 10:40:26', '2020-08-07 10:40:26');
INSERT INTO "public"."project_segment" ("segment_id", "segment_name", "category_id", "create_time", "update_time") VALUES (54, '54 - Otros diseños', 1, '2020-08-07 10:40:26', '2020-08-07 10:40:26');

-- ----------------------------
-- Records of project_product
-- ----------------------------
INSERT INTO "public"."project_product" ("product_id", "product_name", "segment_id", "create_time", "update_time") VALUES (1010, 'Topografía', 10, '2020-08-07 10:40:26', '2020-08-07 10:40:26');
INSERT INTO "public"."project_product" ("product_id", "product_name", "segment_id", "create_time", "update_time") VALUES (1011, 'Descapote', 10, '2020-08-07 10:40:26', '2020-08-07 10:40:26');
INSERT INTO "public"."project_product" ("product_id", "product_name", "segment_id", "create_time", "update_time") VALUES (1012, 'Demoliciones', 10, '2020-08-07 10:40:26', '2020-08-07 10:40:26');
INSERT INTO "public"."project_product" ("product_id", "product_name", "segment_id", "create_time", "update_time") VALUES (1013, 'Campamentos', 10, '2020-08-07 10:40:26', '2020-08-07 10:40:26');
INSERT INTO "public"."project_product" ("product_id", "product_name", "segment_id", "create_time", "update_time") VALUES (1014, 'Cerca de alambre', 10, '2020-08-07 10:40:26', '2020-08-07 10:40:26');
INSERT INTO "public"."project_product" ("product_id", "product_name", "segment_id", "create_time", "update_time") VALUES (1015, 'Cerramiento', 10, '2020-08-07 10:40:26', '2020-08-07 10:40:26');
INSERT INTO "public"."project_product" ("product_id", "product_name", "segment_id", "create_time", "update_time") VALUES (1016, 'Otros preliminares', 10, '2020-08-07 10:40:26', '2020-08-07 10:40:26');

INSERT INTO "public"."project_product" ("product_id", "product_name", "segment_id", "create_time", "update_time") VALUES (1110, 'Excavaciones', 11, '2020-08-07 10:40:26', '2020-08-07 10:40:26');
INSERT INTO "public"."project_product" ("product_id", "product_name", "segment_id", "create_time", "update_time") VALUES (1111, 'Terraplén', 11, '2020-08-07 10:40:26', '2020-08-07 10:40:26');
INSERT INTO "public"."project_product" ("product_id", "product_name", "segment_id", "create_time", "update_time") VALUES (1113, 'Pedraplén', 11, '2020-08-07 10:40:26', '2020-08-07 10:40:26');
INSERT INTO "public"."project_product" ("product_id", "product_name", "segment_id", "create_time", "update_time") VALUES (1114, 'Otros preliminares', 11, '2020-08-07 10:40:26', '2020-08-07 10:40:26');

INSERT INTO "public"."project_product" ("product_id", "product_name", "segment_id", "create_time", "update_time") VALUES (1210, 'Base granular', 12, '2020-08-07 10:40:26', '2020-08-07 10:40:26');
INSERT INTO "public"."project_product" ("product_id", "product_name", "segment_id", "create_time", "update_time") VALUES (1211, 'Subbase granular', 12, '2020-08-07 10:40:26', '2020-08-07 10:40:26');
INSERT INTO "public"."project_product" ("product_id", "product_name", "segment_id", "create_time", "update_time") VALUES (1212, 'Relleno', 12, '2020-08-07 10:40:26', '2020-08-07 10:40:26');
INSERT INTO "public"."project_product" ("product_id", "product_name", "segment_id", "create_time", "update_time") VALUES (1213, 'Material para filtro', 12, '2020-08-07 10:40:26', '2020-08-07 10:40:26');
INSERT INTO "public"."project_product" ("product_id", "product_name", "segment_id", "create_time", "update_time") VALUES (1214, 'Mejoramiento', 12, '2020-08-07 10:40:26', '2020-08-07 10:40:26');
INSERT INTO "public"."project_product" ("product_id", "product_name", "segment_id", "create_time", "update_time") VALUES (1215, 'Otros materiales granulares', 12, '2020-08-07 10:40:26', '2020-08-07 10:40:26');

INSERT INTO "public"."project_product" ("product_id", "product_name", "segment_id", "create_time", "update_time") VALUES (1310, 'Mezcla asfáltica', 13, '2020-08-07 10:40:26', '2020-08-07 10:40:26');
INSERT INTO "public"."project_product" ("product_id", "product_name", "segment_id", "create_time", "update_time") VALUES (1311, 'Mezcla asfáltica', 13, '2020-08-07 10:40:26', '2020-08-07 10:40:26');
INSERT INTO "public"."project_product" ("product_id", "product_name", "segment_id", "create_time", "update_time") VALUES (1312, 'Concreto hidráulico', 13, '2020-08-07 10:40:26', '2020-08-07 10:40:26');
INSERT INTO "public"."project_product" ("product_id", "product_name", "segment_id", "create_time", "update_time") VALUES (1313, 'Imprimación', 13, '2020-08-07 10:40:26', '2020-08-07 10:40:26');
INSERT INTO "public"."project_product" ("product_id", "product_name", "segment_id", "create_time", "update_time") VALUES (1314, 'Otros pavimentos', 13, '2020-08-07 10:40:26', '2020-08-07 10:40:26');

INSERT INTO "public"."project_product" ("product_id", "product_name", "segment_id", "create_time", "update_time") VALUES (1410, 'Pilotes', 14, '2020-08-07 10:40:26', '2020-08-07 10:40:26');
INSERT INTO "public"."project_product" ("product_id", "product_name", "segment_id", "create_time", "update_time") VALUES (1411, 'Micropilotes', 14, '2020-08-07 10:40:26', '2020-08-07 10:40:26');
INSERT INTO "public"."project_product" ("product_id", "product_name", "segment_id", "create_time", "update_time") VALUES (1412, 'Concreto para estructuras', 14, '2020-08-07 10:40:26', '2020-08-07 10:40:26');
INSERT INTO "public"."project_product" ("product_id", "product_name", "segment_id", "create_time", "update_time") VALUES (1413, 'Cemento', 14, '2020-08-07 10:40:26', '2020-08-07 10:40:26');
INSERT INTO "public"."project_product" ("product_id", "product_name", "segment_id", "create_time", "update_time") VALUES (1414, 'Acero de refuerzo', 14, '2020-08-07 10:40:26', '2020-08-07 10:40:26');
INSERT INTO "public"."project_product" ("product_id", "product_name", "segment_id", "create_time", "update_time") VALUES (1415, 'Acero de preesfuerzo', 14, '2020-08-07 10:40:26', '2020-08-07 10:40:26');
INSERT INTO "public"."project_product" ("product_id", "product_name", "segment_id", "create_time", "update_time") VALUES (1416, 'Apoyo elastomérico', 14, '2020-08-07 10:40:26', '2020-08-07 10:40:26');
INSERT INTO "public"."project_product" ("product_id", "product_name", "segment_id", "create_time", "update_time") VALUES (1417, 'Juntas', 14, '2020-08-07 10:40:26', '2020-08-07 10:40:26');
INSERT INTO "public"."project_product" ("product_id", "product_name", "segment_id", "create_time", "update_time") VALUES (1418, 'Estructura metálica', 14, '2020-08-07 10:40:26', '2020-08-07 10:40:26');
INSERT INTO "public"."project_product" ("product_id", "product_name", "segment_id", "create_time", "update_time") VALUES (1419, 'Otros elementos estructurales', 14, '2020-08-07 10:40:26', '2020-08-07 10:40:26');

INSERT INTO "public"."project_product" ("product_id", "product_name", "segment_id", "create_time", "update_time") VALUES (1510, 'Cunetas', 15, '2020-08-07 10:40:26', '2020-08-07 10:40:26');
INSERT INTO "public"."project_product" ("product_id", "product_name", "segment_id", "create_time", "update_time") VALUES (1511, 'Bordillos', 15, '2020-08-07 10:40:26', '2020-08-07 10:40:26');
INSERT INTO "public"."project_product" ("product_id", "product_name", "segment_id", "create_time", "update_time") VALUES (1512, 'Tuberías', 15, '2020-08-07 10:40:26', '2020-08-07 10:40:26');
INSERT INTO "public"."project_product" ("product_id", "product_name", "segment_id", "create_time", "update_time") VALUES (1513, 'Sello para juntas', 15, '2020-08-07 10:40:26', '2020-08-07 10:40:26');
INSERT INTO "public"."project_product" ("product_id", "product_name", "segment_id", "create_time", "update_time") VALUES (1514, 'Carpintería metálica', 15, '2020-08-07 10:40:26', '2020-08-07 10:40:26');
INSERT INTO "public"."project_product" ("product_id", "product_name", "segment_id", "create_time", "update_time") VALUES (1515, 'Otros elementos no estructurales', 15, '2020-08-07 10:40:26', '2020-08-07 10:40:26');

INSERT INTO "public"."project_product" ("product_id", "product_name", "segment_id", "create_time", "update_time") VALUES (1610, 'Demarcación', 16, '2020-08-07 10:40:26', '2020-08-07 10:40:26');
INSERT INTO "public"."project_product" ("product_id", "product_name", "segment_id", "create_time", "update_time") VALUES (1611, 'Tachas', 16, '2020-08-07 10:40:26', '2020-08-07 10:40:26');
INSERT INTO "public"."project_product" ("product_id", "product_name", "segment_id", "create_time", "update_time") VALUES (1612, 'Señal horizontal', 16, '2020-08-07 10:40:26', '2020-08-07 10:40:26');
INSERT INTO "public"."project_product" ("product_id", "product_name", "segment_id", "create_time", "update_time") VALUES (1613, 'Señal vertical', 16, '2020-08-07 10:40:26', '2020-08-07 10:40:26');
INSERT INTO "public"."project_product" ("product_id", "product_name", "segment_id", "create_time", "update_time") VALUES (1614, 'Poste de referencia', 16, '2020-08-07 10:40:26', '2020-08-07 10:40:26');
INSERT INTO "public"."project_product" ("product_id", "product_name", "segment_id", "create_time", "update_time") VALUES (1615, 'Defensa metálica', 16, '2020-08-07 10:40:26', '2020-08-07 10:40:26');
INSERT INTO "public"."project_product" ("product_id", "product_name", "segment_id", "create_time", "update_time") VALUES (1616, 'Captafaros', 16, '2020-08-07 10:40:26', '2020-08-07 10:40:26');
INSERT INTO "public"."project_product" ("product_id", "product_name", "segment_id", "create_time", "update_time") VALUES (1617, 'Comunicación (vallas y tableros)', 16, '2020-08-07 10:40:26', '2020-08-07 10:40:26');
INSERT INTO "public"."project_product" ("product_id", "product_name", "segment_id", "create_time", "update_time") VALUES (1618, 'Otros elementos de señalización y seguridad', 16, '2020-08-07 10:40:26', '2020-08-07 10:40:26');

INSERT INTO "public"."project_product" ("product_id", "product_name", "segment_id", "create_time", "update_time") VALUES (1710, 'Drenes', 17, '2020-08-07 10:40:26', '2020-08-07 10:40:26');
INSERT INTO "public"."project_product" ("product_id", "product_name", "segment_id", "create_time", "update_time") VALUES (1711, 'Gaviones', 17, '2020-08-07 10:40:26', '2020-08-07 10:40:26');
INSERT INTO "public"."project_product" ("product_id", "product_name", "segment_id", "create_time", "update_time") VALUES (1712, 'Muros', 17, '2020-08-07 10:40:26', '2020-08-07 10:40:26');
INSERT INTO "public"."project_product" ("product_id", "product_name", "segment_id", "create_time", "update_time") VALUES (1713, 'Tablestacado', 17, '2020-08-07 10:40:26', '2020-08-07 10:40:26');
INSERT INTO "public"."project_product" ("product_id", "product_name", "segment_id", "create_time", "update_time") VALUES (1714, 'Anclajes', 17, '2020-08-07 10:40:26', '2020-08-07 10:40:26');
INSERT INTO "public"."project_product" ("product_id", "product_name", "segment_id", "create_time", "update_time") VALUES (1715, 'Disipadores de energía', 17, '2020-08-07 10:40:26', '2020-08-07 10:40:26');
INSERT INTO "public"."project_product" ("product_id", "product_name", "segment_id", "create_time", "update_time") VALUES (1716, 'Protección de taludes', 17, '2020-08-07 10:40:26', '2020-08-07 10:40:26');
INSERT INTO "public"."project_product" ("product_id", "product_name", "segment_id", "create_time", "update_time") VALUES (1717, 'Otras obras para taludes', 17, '2020-08-07 10:40:26', '2020-08-07 10:40:26');

INSERT INTO "public"."project_product" ("product_id", "product_name", "segment_id", "create_time", "update_time") VALUES (1810, 'Zodmes', 18, '2020-08-07 10:40:26', '2020-08-07 10:40:26');
INSERT INTO "public"."project_product" ("product_id", "product_name", "segment_id", "create_time", "update_time") VALUES (1811, 'Poda', 18, '2020-08-07 10:40:26', '2020-08-07 10:40:26');
INSERT INTO "public"."project_product" ("product_id", "product_name", "segment_id", "create_time", "update_time") VALUES (1812, 'Plantación de árboles', 18, '2020-08-07 10:40:26', '2020-08-07 10:40:26');
INSERT INTO "public"."project_product" ("product_id", "product_name", "segment_id", "create_time", "update_time") VALUES (1813, 'Protección de taludes', 18, '2020-08-07 10:40:26', '2020-08-07 10:40:26');
INSERT INTO "public"."project_product" ("product_id", "product_name", "segment_id", "create_time", "update_time") VALUES (1814, 'Otras obras ambientales', 18, '2020-08-07 10:40:26', '2020-08-07 10:40:26');

INSERT INTO "public"."project_product" ("product_id", "product_name", "segment_id", "create_time", "update_time") VALUES (1910, 'Transporte de material pétreo', 19, '2020-08-07 10:40:26', '2020-08-07 10:40:26');
INSERT INTO "public"."project_product" ("product_id", "product_name", "segment_id", "create_time", "update_time") VALUES (1911, 'Transporte de concreto', 19, '2020-08-07 10:40:26', '2020-08-07 10:40:26');
INSERT INTO "public"."project_product" ("product_id", "product_name", "segment_id", "create_time", "update_time") VALUES (1912, 'Transporte de mezcla asfáltica', 19, '2020-08-07 10:40:26', '2020-08-07 10:40:26');
INSERT INTO "public"."project_product" ("product_id", "product_name", "segment_id", "create_time", "update_time") VALUES (1913, 'Transporte de escombros', 19, '2020-08-07 10:40:26', '2020-08-07 10:40:26');
INSERT INTO "public"."project_product" ("product_id", "product_name", "segment_id", "create_time", "update_time") VALUES (1914, 'Otros transportes', 19, '2020-08-07 10:40:26', '2020-08-07 10:40:26');

INSERT INTO "public"."project_product" ("product_id", "product_name", "segment_id", "create_time", "update_time") VALUES (2010, 'Gestión social', 20, '2020-08-07 10:40:26', '2020-08-07 10:40:26');
INSERT INTO "public"."project_product" ("product_id", "product_name", "segment_id", "create_time", "update_time") VALUES (2011, 'Gestión ambiental', 20, '2020-08-07 10:40:26', '2020-08-07 10:40:26');
INSERT INTO "public"."project_product" ("product_id", "product_name", "segment_id", "create_time", "update_time") VALUES (2012, 'Gestión predial', 20, '2020-08-07 10:40:26', '2020-08-07 10:40:26');
INSERT INTO "public"."project_product" ("product_id", "product_name", "segment_id", "create_time", "update_time") VALUES (2013, 'Asesoría legal', 20, '2020-08-07 10:40:26', '2020-08-07 10:40:26');
INSERT INTO "public"."project_product" ("product_id", "product_name", "segment_id", "create_time", "update_time") VALUES (2014, 'Asesoría contable y financiera', 20, '2020-08-07 10:40:26', '2020-08-07 10:40:26');
INSERT INTO "public"."project_product" ("product_id", "product_name", "segment_id", "create_time", "update_time") VALUES (2015, 'Asesoría en calidad', 20, '2020-08-07 10:40:26', '2020-08-07 10:40:26');
INSERT INTO "public"."project_product" ("product_id", "product_name", "segment_id", "create_time", "update_time") VALUES (2016, 'Asesoría SISO', 20, '2020-08-07 10:40:26', '2020-08-07 10:40:26');

INSERT INTO "public"."project_product" ("product_id", "product_name", "segment_id", "create_time", "update_time") VALUES (2110, 'Suministro y alquiler', 21, '2020-08-07 10:40:26', '2020-08-07 10:40:26');
INSERT INTO "public"."project_product" ("product_id", "product_name", "segment_id", "create_time", "update_time") VALUES (2111, 'Suministro de mano de obra', 21, '2020-08-07 10:40:26', '2020-08-07 10:40:26');
INSERT INTO "public"."project_product" ("product_id", "product_name", "segment_id", "create_time", "update_time") VALUES (2112, 'Suministro y alquiler de equipos', 21, '2020-08-07 10:40:26', '2020-08-07 10:40:26');
INSERT INTO "public"."project_product" ("product_id", "product_name", "segment_id", "create_time", "update_time") VALUES (2113, 'Suministro y alquiler de maquinaria pesada', 21, '2020-08-07 10:40:26', '2020-08-07 10:40:26');
INSERT INTO "public"."project_product" ("product_id", "product_name", "segment_id", "create_time", "update_time") VALUES (2114, 'Suministro de insumos para topografía', 21, '2020-08-07 10:40:26', '2020-08-07 10:40:26');
INSERT INTO "public"."project_product" ("product_id", "product_name", "segment_id", "create_time", "update_time") VALUES (2115, 'Dotaciones', 21, '2020-08-07 10:40:26', '2020-08-07 10:40:26');

INSERT INTO "public"."project_product" ("product_id", "product_name", "segment_id", "create_time", "update_time") VALUES (2210, 'Prueba de carga', 22, '2020-08-07 10:40:26', '2020-08-07 10:40:26');
INSERT INTO "public"."project_product" ("product_id", "product_name", "segment_id", "create_time", "update_time") VALUES (2211, 'Pruebas de integridad', 22, '2020-08-07 10:40:26', '2020-08-07 10:40:26');
INSERT INTO "public"."project_product" ("product_id", "product_name", "segment_id", "create_time", "update_time") VALUES (2212, 'Laboratorio de calidad', 22, '2020-08-07 10:40:26', '2020-08-07 10:40:26');

INSERT INTO "public"."project_product" ("product_id", "product_name", "segment_id", "create_time", "update_time") VALUES (2310, 'Geosintéticos', 23, '2020-08-07 10:40:26', '2020-08-07 10:40:26');
INSERT INTO "public"."project_product" ("product_id", "product_name", "segment_id", "create_time", "update_time") VALUES (2311, 'Fresado', 23, '2020-08-07 10:40:26', '2020-08-07 10:40:26');
INSERT INTO "public"."project_product" ("product_id", "product_name", "segment_id", "create_time", "update_time") VALUES (2312, 'Prefabricados', 23, '2020-08-07 10:40:26', '2020-08-07 10:40:26');
INSERT INTO "public"."project_product" ("product_id", "product_name", "segment_id", "create_time", "update_time") VALUES (2313, 'Movilización de equipos', 23, '2020-08-07 10:40:26', '2020-08-07 10:40:26');
INSERT INTO "public"."project_product" ("product_id", "product_name", "segment_id", "create_time", "update_time") VALUES (2314, 'Instalación de plantas', 23, '2020-08-07 10:40:26', '2020-08-07 10:40:26');
INSERT INTO "public"."project_product" ("product_id", "product_name", "segment_id", "create_time", "update_time") VALUES (2315, 'Otros', 23, '2020-08-07 10:40:26', '2020-08-07 10:40:26');

INSERT INTO "public"."project_product" ("product_id", "product_name", "segment_id", "create_time", "update_time") VALUES (5010, 'Tránsito y transporte', 50, '2020-08-07 10:40:26', '2020-08-07 10:40:26');
INSERT INTO "public"."project_product" ("product_id", "product_name", "segment_id", "create_time", "update_time") VALUES (5011, 'Diseño geométrico', 50, '2020-08-07 10:40:26', '2020-08-07 10:40:26');
INSERT INTO "public"."project_product" ("product_id", "product_name", "segment_id", "create_time", "update_time") VALUES (5012, 'Plan de manejo de tráfico', 50, '2020-08-07 10:40:26', '2020-08-07 10:40:26');
INSERT INTO "public"."project_product" ("product_id", "product_name", "segment_id", "create_time", "update_time") VALUES (5013, 'Geología para ingeniería', 50, '2020-08-07 10:40:26', '2020-08-07 10:40:26');
INSERT INTO "public"."project_product" ("product_id", "product_name", "segment_id", "create_time", "update_time") VALUES (5014, 'Estudio de suelo para fundaciones', 50, '2020-08-07 10:40:26', '2020-08-07 10:40:26');
INSERT INTO "public"."project_product" ("product_id", "product_name", "segment_id", "create_time", "update_time") VALUES (5015, 'Estabilidad de taludes', 50, '2020-08-07 10:40:26', '2020-08-07 10:40:26');
INSERT INTO "public"."project_product" ("product_id", "product_name", "segment_id", "create_time", "update_time") VALUES (5016, 'Diseño de pavimentos', 50, '2020-08-07 10:40:26', '2020-08-07 10:40:26');
INSERT INTO "public"."project_product" ("product_id", "product_name", "segment_id", "create_time", "update_time") VALUES (5017, 'Hidráulica e hidrología', 50, '2020-08-07 10:40:26', '2020-08-07 10:40:26');
INSERT INTO "public"."project_product" ("product_id", "product_name", "segment_id", "create_time", "update_time") VALUES (5018, 'Diseño de estructuras', 50, '2020-08-07 10:40:26', '2020-08-07 10:40:26');
INSERT INTO "public"."project_product" ("product_id", "product_name", "segment_id", "create_time", "update_time") VALUES (5019, 'Túneles', 50, '2020-08-07 10:40:26', '2020-08-07 10:40:26');

INSERT INTO "public"."project_product" ("product_id", "product_name", "segment_id", "create_time", "update_time") VALUES (5110, 'Urbanismo', 51, '2020-08-07 10:40:26', '2020-08-07 10:40:26');
INSERT INTO "public"."project_product" ("product_id", "product_name", "segment_id", "create_time", "update_time") VALUES (5111, 'Redes', 51, '2020-08-07 10:40:26', '2020-08-07 10:40:26');

INSERT INTO "public"."project_product" ("product_id", "product_name", "segment_id", "create_time", "update_time") VALUES (5210, 'Cantidades, presupuesto y programación', 52, '2020-08-07 10:40:26', '2020-08-07 10:40:26');
INSERT INTO "public"."project_product" ("product_id", "product_name", "segment_id", "create_time", "update_time") VALUES (5211, 'Evaluación socioeconómica', 52, '2020-08-07 10:40:26', '2020-08-07 10:40:26');
INSERT INTO "public"."project_product" ("product_id", "product_name", "segment_id", "create_time", "update_time") VALUES (5212, 'Coordinación de diseños', 52, '2020-08-07 10:40:26', '2020-08-07 10:40:26');

INSERT INTO "public"."project_product" ("product_id", "product_name", "segment_id", "create_time", "update_time") VALUES (5310, 'Sondeos y perforaciones', 53, '2020-08-07 10:40:26', '2020-08-07 10:40:26');
INSERT INTO "public"."project_product" ("product_id", "product_name", "segment_id", "create_time", "update_time") VALUES (5311, 'Topografía', 53, '2020-08-07 10:40:26', '2020-08-07 10:40:26');
INSERT INTO "public"."project_product" ("product_id", "product_name", "segment_id", "create_time", "update_time") VALUES (5312, 'Monitoreos de tránsito', 53, '2020-08-07 10:40:26', '2020-08-07 10:40:26');

INSERT INTO "public"."project_product" ("product_id", "product_name", "segment_id", "create_time", "update_time") VALUES (5410, 'Otros', 54, '2020-08-07 10:40:26', '2020-08-07 10:40:26');


-- ----------------------------
-- Records of project
-- ----------------------------
INSERT INTO "public"."project" ("project_id", "user_id", "category_id", "segment_id", "product_id", "create_time", "project_description", "project_name", "project_price", "project_state_for_user", "project_state_for_manager", "update_time" , "duration", "unit_duration", "closing_date" ,"adjudication_date", "contact_name_project", "contact_email_project", "contact_mobile_phone_project", "contact_phone_project", "contact_extension_project", "department_execution_id", "city_execution_id")  VALUES (23, 2147483643, 0, 10, 1010, '2018-03-10 10:37:39', 'Contrary to popular belief, Lorem Ipsum is not simply random text. It has roots in a piece of classical Latin literature from 45 BC', 'Asesoria juridica para licitaciones', 10.00, 'ACTIVE', 'UNLOCKED', '2017-03-10 19:42:02' ,30, 0, '2016-03-10 12:12:46', '2018-03-10 12:12:46', 'Robert De niro', 'robert@email.com', '31045871235', '2452525', '2455', 11, 107);
INSERT INTO "public"."project" ("project_id", "user_id", "category_id", "segment_id", "product_id", "create_time", "project_description", "project_name", "project_price", "project_state_for_user", "project_state_for_manager", "update_time" , "duration", "unit_duration", "closing_date" ,"adjudication_date", "contact_name_project", "contact_email_project", "contact_mobile_phone_project", "contact_phone_project", "contact_extension_project", "department_execution_id", "city_execution_id")  VALUES (33, 2147483645, 0, 10, 1010, '2018-03-10 12:12:46', 'Contrary to popular belief, Lorem Ipsum is not simply random text. It has roots in a piece of classical Latin literature from 45 BC', 'Construccion edificio', 22.00, 'ACTIVE', 'LOCKED', '2020-03-10 12:12:46', 6, 1, '2015-03-10 12:12:46', '2016-03-10 12:12:46', 'Robert De niro', 'robert@email.com', '31045871235', '2452525', '2455', 5, 547);
INSERT INTO "public"."project" ("project_id", "user_id", "category_id", "segment_id", "product_id", "create_time", "project_description", "project_name", "project_price", "project_state_for_user", "project_state_for_manager", "update_time" , "duration", "unit_duration", "closing_date" ,"adjudication_date", "contact_name_project", "contact_email_project", "contact_mobile_phone_project", "contact_phone_project", "contact_extension_project", "department_execution_id", "city_execution_id")  VALUES (41, 2147483643, 0, 10, 1010, '2018-03-10 06:51:03', 'Contrary to popular belief, Lorem Ipsum is not simply random text. It has roots in a piece of classical Latin literature from 45 BC', 'Diagnostico de estabilidad de puente', 1.00, 'ACTIVE', 'UNLOCKED', '2020-03-10 12:04:13', 1, 2, '2020-03-10 12:12:46', '2023-03-10 12:12:46', 'Robert De niro', 'robert@email.com', '31045871235', '2452525', '2455', 76, 150);
INSERT INTO "public"."project" ("project_id", "user_id", "category_id", "segment_id", "product_id", "create_time", "project_description", "project_name", "project_price", "project_state_for_user", "project_state_for_manager", "update_time" , "duration", "unit_duration", "closing_date" ,"adjudication_date", "contact_name_project", "contact_email_project", "contact_mobile_phone_project", "contact_phone_project", "contact_extension_project", "department_execution_id", "city_execution_id")  VALUES (22, 2147483645, 0, 10, 1010, '2018-03-10 10:35:43', 'Contrary to popular belief, Lorem Ipsum is not simply random text. It has roots in a piece of classical Latin literature from 45 BC', 'Estabilidad sismica penetrante', 20.00, 'ACTIVE', 'UNLOCKED', '2018-03-10 10:35:43', 60, 0, '2019-03-10 12:12:46', '2024-03-10 12:12:46', 'Robert De niro', 'robert@email.com', '31045871235', '2452525', '2455', 11, 107);
INSERT INTO "public"."project" ("project_id", "user_id", "category_id", "segment_id", "product_id", "create_time", "project_description", "project_name", "project_price", "project_state_for_user", "project_state_for_manager", "update_time" , "duration", "unit_duration", "closing_date" ,"adjudication_date", "contact_name_project", "contact_email_project", "contact_mobile_phone_project", "contact_phone_project", "contact_extension_project", "department_execution_id", "city_execution_id")  VALUES (31, 2147483643, 0, 10, 1010, '2018-03-10 12:09:41', 'Contrary to popular belief, Lorem Ipsum is not simply random text. It has roots in a piece of classical Latin literature from 45 BC', 'Fonda paisa menocuca', 10.00, 'ACTIVE', 'UNLOCKED', '2016-03-10 12:09:41', 11, 1, '2018-03-10 12:12:46', '2020-03-10 12:12:46', 'Robert De niro', 'robert@email.com', '31045871235', '2452525', '2455', 20, 1042);
INSERT INTO "public"."project" ("project_id", "user_id", "category_id", "segment_id", "product_id", "create_time", "project_description", "project_name", "project_price", "project_state_for_user", "project_state_for_manager", "update_time" , "duration", "unit_duration", "closing_date", "adjudication_date", "contact_name_project", "contact_email_project", "contact_mobile_phone_project", "contact_phone_project", "contact_extension_project", "department_execution_id", "city_execution_id")  VALUES (32, 2147483645, 0, 10, 1010, '2018-03-10 12:11:51', 'Contrary to popular belief, Lorem Ipsum is not simply random text. It has roots in a piece of classical Latin literature from 45 BC', 'Asesoria juridica para licitaciones', 13.00, 'ACTIVE', 'LOCKED', '2020-03-10 12:11:51', 2, 2, '2019-03-10 12:12:46', '2020-10-10 12:12:46', 'Robert De niro', 'robert@email.com', '31045871235', '2452525', '2455', 68, 1052);
INSERT INTO "public"."project" ("project_id", "user_id", "category_id", "segment_id", "product_id", "create_time", "project_description", "project_name", "project_price", "project_state_for_user", "project_state_for_manager", "update_time" , "duration", "unit_duration", "closing_date" ,"adjudication_date", "contact_name_project", "contact_email_project", "contact_mobile_phone_project", "contact_phone_project", "contact_extension_project", "department_execution_id", "city_execution_id")  VALUES (21, 2147483643, 0, 10, 1010, '2018-03-10 06:44:25', 'Contrary to popular belief, Lorem Ipsum is not simply random text. It has roots in a piece of classical Latin literature from 45 BC', 'Manufactura echiza zoperutana', 30.00, 'ACTIVE', 'UNLOCKED', '2015-03-10 06:44:25', 30, 0, '2017-03-10 12:12:46', '2018-03-10 12:12:46', 'Robert De niro', 'robert@email.com', '31045871235', '2452525', '2455', 47, 1090);
INSERT INTO "public"."project" ("project_id", "user_id", "category_id", "segment_id", "product_id", "create_time", "project_description", "project_name", "project_price", "project_state_for_user", "project_state_for_manager", "update_time" , "duration", "unit_duration", "closing_date" ,"adjudication_date", "contact_name_project", "contact_email_project", "contact_mobile_phone_project", "contact_phone_project", "contact_extension_project", "department_execution_id", "city_execution_id")  VALUES (24, 2147483645, 0, 10, 1010, '2018-03-10 10:39:29', 'Contrary to popular belief, Lorem Ipsum is not simply random text. It has roots in a piece of classical Latin literature from 45 BC', 'Populacion de zona egocentrica transversal', 30.00, 'ACTIVE', 'UNLOCKED', '2017-03-10 10:39:32', 18, 1, '2018-03-10 12:12:46', '2024-06-10 12:12:46', 'Robert De niro', 'robert@email.com', '31045871235', '2452525', '2455', 11, 107);
INSERT INTO "public"."project" ("project_id", "user_id", "category_id", "segment_id", "product_id", "create_time", "project_description", "project_name", "project_price", "project_state_for_user", "project_state_for_manager", "update_time" , "duration", "unit_duration", "closing_date" ,"adjudication_date", "contact_name_project", "contact_email_project", "contact_mobile_phone_project", "contact_phone_project", "contact_extension_project", "department_execution_id", "city_execution_id")  VALUES (25, 2147483643, 0, 10, 1010, '2018-03-10 10:40:35', 'Contrary to popular belief, Lorem Ipsum is not simply random text. It has roots in a piece of classical Latin literature from 45 BC', 'Asesoria juridica para licitaciones', 30.00, 'ACTIVE', 'UNLOCKED', '2018-03-10 10:40:35', 3, 2, '2020-01-10 12:12:46', '2021-07-10 12:12:46', 'Robert De niro', 'robert@email.com', '31045871235', '2452525', '2455', 5, 547);
INSERT INTO "public"."project" ("project_id", "user_id", "category_id", "segment_id", "product_id", "create_time", "project_description", "project_name", "project_price", "project_state_for_user", "project_state_for_manager", "update_time" , "duration", "unit_duration", "closing_date" ,"adjudication_date", "contact_name_project", "contact_email_project", "contact_mobile_phone_project", "contact_phone_project", "contact_extension_project", "department_execution_id", "city_execution_id")  VALUES (45, 2147483645, 0, 10, 1010, '2018-03-10 12:08:17', 'Contrary to popular belief, Lorem Ipsum is not simply random text. It has roots in a piece of classical Latin literature from 45 BC', 'Torre central edificio ecopetrol', 2.00, 'ACTIVE', 'UNLOCKED', '2020-03-10 12:08:17', 30, 0, '2019-03-10 12:12:46', '2019-09-10 12:12:46', 'Robert De niro', 'robert@email.com', '31045871235', '2452525', '2455', 11, 107);
INSERT INTO "public"."project" ("project_id", "user_id", "category_id", "segment_id", "product_id", "create_time", "project_description", "project_name", "project_price", "project_state_for_user", "project_state_for_manager", "update_time" , "duration", "unit_duration", "closing_date" ,"adjudication_date", "contact_name_project", "contact_email_project", "contact_mobile_phone_project", "contact_phone_project", "contact_extension_project", "department_execution_id", "city_execution_id")  VALUES (61, 2147483643, 0, 10, 1010, '2018-03-10 12:15:05', 'Contrary to popular belief, Lorem Ipsum is not simply random text. It has roots in a piece of classical Latin literature from 45 BC', 'Puente pasar rio magdalena', 4.00, 'ACTIVE', 'UNLOCKED',  '2018-03-10 12:15:10', 23, 1, '2020-04-10 12:12:46', '2020-05-10 12:12:46', 'Robert De niro', 'robert@email.com', '31045871235', '2452525', '2455', 76, 150);
INSERT INTO "public"."project" ("project_id", "user_id", "category_id", "segment_id", "product_id", "create_time", "project_description", "project_name", "project_price", "project_state_for_user", "project_state_for_manager", "update_time" , "duration", "unit_duration", "closing_date" ,"adjudication_date", "contact_name_project", "contact_email_project", "contact_mobile_phone_project", "contact_phone_project", "contact_extension_project", "department_execution_id", "city_execution_id")  VALUES (62, 2147483645, 0, 10, 1010, '2018-03-10 12:16:44', 'Contrary to popular belief, Lorem Ipsum is not simply random text. It has roots in a piece of classical Latin literature from 45 BC', 'Asesoria juridica para construccion fitme', 20.00, 'ACTIVE', 'LOCKED', '2016-03-10 12:16:44', 1, 2, '2025-03-10 12:12:46', '2026-03-10 12:12:46', 'Robert De niro', 'robert@email.com', '31045871235', '2452525', '2455', 5, 547);

-- ----------------------------
-- Records of offer
-- ----------------------------
INSERT INTO "public"."offer" ("offer_id", "provider_id", "project_id", "offer_status_for_user", "offer_status_for_manager", "amount", "deliverable", "exclusions", "required_information", "payment_method", "additional_notes", "deliver_date", "proposed_term", "unit_proposed_term", "documents", "create_time", "update_time") VALUES (2147483643, 2147483643, 23, 'ACTIVE', 'UNLOCKED', 10000000, 'Deliv It is a long established fact that a reader will be distracted', 'exclusions Lorem Ipsum is simply dummy text of the printing and typesetting industry. ', 'Information Lorem ipsum dolor sit amet', 'TARJETA_CREDITO', 'additional notes Excepteur sint occaecat cupidatat non proident', '2018-03-15 12:52:20.439', 1, 1,'docs', '2018-03-15 12:52:20.439', '2018-03-15 12:52:20.439');
INSERT INTO "public"."offer" ("offer_id", "provider_id", "project_id", "offer_status_for_user", "offer_status_for_manager", "amount", "deliverable", "exclusions", "required_information", "payment_method", "additional_notes", "deliver_date", "proposed_term", "unit_proposed_term", "documents", "create_time", "update_time") VALUES (2147483645, 2147483645, 33, 'INACTIVE', 'LOCKED',  20000000, 'Deliv It is a long established fact that a reader will be distracted', 'exclusions Lorem Ipsum is simply dummy text of the printing and typesetting industry. ', 'Information Lorem ipsum dolor sit amet', 'TARJETA_CREDITO', 'additional notes Excepteur sint occaecat cupidatat non proident', '2018-03-15 12:52:20.439', 2, 2, 'docs', '2018-03-15 12:52:29.007', '2018-03-15 12:52:20.439');
INSERT INTO "public"."offer" ("offer_id", "provider_id", "project_id", "offer_status_for_user", "offer_status_for_manager", "amount", "deliverable", "exclusions", "required_information", "payment_method", "additional_notes", "deliver_date", "proposed_term", "unit_proposed_term", "documents", "create_time", "update_time") VALUES (2147483641, 2147483643, 41, 'ACTIVE', 'UNLOCKED',  30000000, 'Deliv It is a long established fact that a reader will be distracted', 'exclusions Lorem Ipsum is simply dummy text of the printing and typesetting industry. ', 'Information Lorem ipsum dolor sit amet', 'TARJETA_CREDITO', 'additional notes Excepteur sint occaecat cupidatat non proident', '2018-03-15 12:52:20.439', 3, 1, 'docs', '2018-03-15 12:52:07.428', '2018-03-15 12:52:20.439');
INSERT INTO "public"."offer" ("offer_id", "provider_id", "project_id", "offer_status_for_user", "offer_status_for_manager", "amount", "deliverable", "exclusions", "required_information", "payment_method", "additional_notes", "deliver_date", "proposed_term", "unit_proposed_term", "documents", "create_time", "update_time") VALUES (2147483647, 2147483645, 22, 'INACTIVE', 'UNLOCKED', 40000000, 'Deliv It is a long established fact that a reader will be distracted', 'exclusions Lorem Ipsum is simply dummy text of the printing and typesetting industry. ', 'Information Lorem ipsum dolor sit amet', 'TARJETA_CREDITO', 'additional notes Excepteur sint occaecat cupidatat non proident', '2018-03-15 12:52:20.439', 4, 0, 'docs', '2018-03-15 12:52:35.289', '2018-03-15 12:52:20.439');
INSERT INTO "public"."offer" ("offer_id", "provider_id", "project_id", "offer_status_for_user", "offer_status_for_manager", "amount", "deliverable", "exclusions", "required_information", "payment_method", "additional_notes", "deliver_date", "proposed_term", "unit_proposed_term", "documents", "create_time", "update_time") VALUES (2147483649, 2147483643, 31, 'ACTIVE', 'LOCKED', 50000000, 'Deliv It is a long established fact that a reader will be distracted', 'exclusions Lorem Ipsum is simply dummy text of the printing and typesetting industry. ', 'Information Lorem ipsum dolor sit amet', 'TARJETA_CREDITO', 'additional notes Excepteur sint occaecat cupidatat non proident', '2018-03-15 12:52:20.439', 5, 1, 'docs', '2018-03-15 12:58:23.824', '2018-03-15 12:52:20.439');
INSERT INTO "public"."offer" ("offer_id", "provider_id", "project_id", "offer_status_for_user", "offer_status_for_manager", "amount", "deliverable", "exclusions", "required_information", "payment_method", "additional_notes", "deliver_date", "proposed_term", "unit_proposed_term", "documents", "create_time", "update_time") VALUES (2147483642, 2147483645, 32, 'INACTIVE', 'UNLOCKED',  60000000, 'Deliv It is a long established fact that a reader will be distracted', 'exclusions Lorem Ipsum is simply dummy text of the printing and typesetting industry. ', 'Information Lorem ipsum dolor sit amet', 'TARJETA_CREDITO', 'additional notes Excepteur sint occaecat cupidatat non proident', '2018-03-15 12:52:20.439', 7, 2, 'docs', '2018-03-15 13:01:21.135', '2018-03-15 12:52:20.439');
INSERT INTO "public"."offer" ("offer_id", "provider_id", "project_id", "offer_status_for_user", "offer_status_for_manager", "amount", "deliverable", "exclusions", "required_information", "payment_method", "additional_notes", "deliver_date", "proposed_term", "unit_proposed_term", "documents", "create_time", "update_time") VALUES (2147483640, 2147483643, 21, 'ACTIVE', 'UNLOCKED',  70000000, 'Deliv It is a long established fact that a reader will be distracted', 'exclusions Lorem Ipsum is simply dummy text of the printing and typesetting industry. ', 'Information Lorem ipsum dolor sit amet', 'TARJETA_CREDITO', 'additional notes Excepteur sint occaecat cupidatat non proident', '2018-03-15 12:52:20.439', 8, 2, 'docs', '2018-03-15 13:01:16.271', '2018-03-15 12:52:20.439');
INSERT INTO "public"."offer" ("offer_id", "provider_id", "project_id", "offer_status_for_user", "offer_status_for_manager", "amount", "deliverable", "exclusions", "required_information", "payment_method", "additional_notes", "deliver_date", "proposed_term", "unit_proposed_term", "documents", "create_time", "update_time") VALUES (2147483648, 2147483645, 24, 'DELETED', 'UNLOCKED',  80000000, 'Deliv It is a long established fact that a reader will be distracted', 'exclusions Lorem Ipsum is simply dummy text of the printing and typesetting industry. ', 'Information Lorem ipsum dolor sit amet', 'TARJETA_CREDITO', 'additional notes Excepteur sint occaecat cupidatat non proident', '2018-03-15 12:52:20.439', 6, 1, 'docs', '2018-03-15 13:01:06.943', '2018-03-15 12:52:20.439');
INSERT INTO "public"."offer" ("offer_id", "provider_id", "project_id", "offer_status_for_user", "offer_status_for_manager", "amount", "deliverable", "exclusions", "required_information", "payment_method", "additional_notes", "deliver_date", "proposed_term", "unit_proposed_term", "documents", "create_time", "update_time") VALUES (2147483610, 2147483643, 25, 'ACTIVE', 'LOCKED',  90000000, 'Deliv It is a long established fact that a reader will be distracted', 'exclusions Lorem Ipsum is simply dummy text of the printing and typesetting industry. ', 'Information Lorem ipsum dolor sit amet', 'TARJETA_CREDITO', 'additional notes Excepteur sint occaecat cupidatat non proident', '2018-03-15 12:52:20.439', 10, 0, 'docs', '2018-03-15 12:58:23.824', '2018-03-15 12:52:20.439');
INSERT INTO "public"."offer" ("offer_id", "provider_id", "project_id", "offer_status_for_user", "offer_status_for_manager", "amount", "deliverable", "exclusions", "required_information", "payment_method", "additional_notes", "deliver_date", "proposed_term", "unit_proposed_term", "documents", "create_time", "update_time") VALUES (2147483613, 2147483645, 62, 'ACTIVE', 'REMOVED',  120000000, 'Deliv It is a long established fact that a reader will be distracted', 'exclusions Lorem Ipsum is simply dummy text of the printing and typesetting industry. ', 'Information Lorem ipsum dolor sit amet', 'TARJETA_CREDITO', 'additional notes Excepteur sint occaecat cupidatat non proident', '2018-03-15 12:52:20.439', 13, 2, 'docs', '2018-03-15 13:01:06.943', '2018-03-15 12:52:20.439');


--INSERT INTO "public"."message" ("message_id", "project_id", "question", "provider_id", "answer", "client_id", "state", "notify", "question_date", "answer_date") VALUES (1, 23, 'Pregunta 1', 2147483645, 'Respuesta 1', 2147483643, 'REVIEWED', 'VIEWED', '2018-03-15 13:01:06.943', '2018-03-15 13:01:06.943');
--INSERT INTO "public"."message" ("message_id", "project_id", "question", "provider_id", "answer", "client_id", "state", "notify", "question_date", "answer_date") VALUES (2, 23, 'Pregunta 2', 2147483645, 'Respuesta 2', 2147483643, 'REVIEWED', 'VIEWED', '2018-03-15 13:01:06.943', '2018-03-15 13:01:06.943');
--INSERT INTO "public"."message" ("message_id", "project_id", "question", "provider_id", "answer", "client_id", "state", "notify", "question_date", "answer_date") VALUES (3, 23, 'Pregunta 3', 2147483645, 'Respuesta 3', 2147483643, 'IN_REVIEW', 'VIEWED', '2018-03-15 13:01:06.943', '2018-03-15 13:01:06.943');

--INSERT INTO "public"."message" ("message_id", "project_id", "question", "provider_id", "answer", "client_id", "state", "notify", "question_date", "answer_date") VALUES (4, 32, 'Pregunta 1', 2147483643, 'Respuesta 1', 2147483645, 'REVIEWED', 'VIEWED', '2018-03-15 13:01:06.943', '2018-03-15 13:01:06.943');
--INSERT INTO "public"."message" ("message_id", "project_id", "question", "provider_id", "answer", "client_id", "state", "notify", "question_date", "answer_date") VALUES (5, 32, 'Pregunta 2', 2147483643, '', 2147483645, 'REVIEWED', 'VIEWED', '2018-03-15 13:01:06.943', '2018-03-15 13:01:06.943');

-- ----------------------------
-- Records of favorite
-- ----------------------------
--INSERT INTO "public"."favorite" ("user_id") VALUES (2147483641);
--INSERT INTO "public"."favorite" ("user_id") VALUES (2147483642);
--INSERT INTO "public"."favorite" ("user_id") VALUES (2147483643);
--INSERT INTO "public"."favorite" ("user_id") VALUES (2147483645);